sol_index,Labels,Wheat,Barley,Forestation Alfalfa,Sustains Alfalfa,vegetables,Medical and Aromatic plants,fully grown Beans,lentils,Fenugreek,chickpeas,Lupine,sugar Beet,Fully grown Onions,Garlic,Lfax,Others,Total
Orginal,prod,0.10845300085585538,0.0003752353699788588,0.026658654806773645,0.5124792274754985,0.1714191207925738,0.004166775303291393,0.0009089086514765587,2.1816009882491793e-05,3.787864933540531e-05,8.714016313315807e-05,2.6977526416204363e-06,0.1345309919346084,0.034955675640341834,0.003947527844983373,0.0009120881456613257,0.0008783122995911524,1.0
Orginal,water,0.42437965463127186,0.0011938059043024377,0.017842883345680186,0.376782080291789,0.07887144620753135,0.006813660245433147,0.00617714298952941,0.00011741964285926081,0.00039218951419658834,0.00109030266355983,1.1623358586068242e-05,0.05856615039186928,0.018978335245652567,0.006283809048934893,0.0015449578463482135,0.0008685100048256705,1.0
Orginal,area,0.48272090795031414,0.003482256566411765,0.027725036178444244,0.2247913826885251,0.12430185839820866,0.009926873509443391,0.008413157555029775,0.000263835485131717,0.00045820499691997743,0.0009464950139254422,4.140915685923809e-05,0.07960665331586704,0.027665880240073902,0.007002879984280865,0.0022712499994875165,0.00023335304728414456,1.0
3,prod,0.1070297439254974,0.00038644783557537386,0.026221458252436613,0.5127763741930184,0.15614996193960665,0.004100092501248613,0.0008956174023011463,1.8399051179486977e-05,4.410715456696672e-05,4.484752249856264e-05,8.941123040798776e-07,0.10154349050081289,0.023015262372697024,0.0039055888026414474,0.0005793974359643483,0.000856152188606413,0.94
3,water,0.4285457846313614,0.0004754899240317428,0.016365588776238726,0.385778282686578,0.02052679271050526,0.008255061379089103,0.005190512921275135,9.2300792620008e-05,0.0003866873930907098,0.0006807388376024659,1.1458892015598264e-05,0.06120365033726579,0.011292318453855019,0.004780074848770092,0.000995734385539846,0.0008618680856336316,0.95
3,area,0.4556594918844258,0.0030931443240223627,0.025621391684910476,0.23380976546864607,0.11695394419687542,0.010627047620324704,0.008727748758457346,0.0002176938532028517,0.0005817756813621148,0.0005736959804852259,1.7837001602330277e-05,0.06009601467608305,0.01778702031945862,0.005036474768842051,0.0014359681496983138,0.0002061413156337881,0.94
5,prod,0.1070853270558009,0.00038644783557537386,0.02622145825243661,0.5127763741930185,0.1561499619396067,0.0041000925012486126,0.0008956174023011469,1.9049437020421855e-05,3.813355943195044e-05,4.484752249856264e-05,1.07304487724858e-06,0.10154349050081296,0.023015262372697024,0.0039055888026414474,0.0007525037925818609,0.000856152188606413,0.94
5,water,0.3766174321847252,0.0003247025442791432,0.020292843885242547,0.3753215338588879,0.03174976269801115,0.008829563814038686,0.006166242478772293,0.00010318695887632011,0.000609349826957163,0.0006807388376024659,1.1854244348457728e-05,0.06902452584751588,0.010715921181716829,0.008626640606903142,0.0013442557174168474,0.0008618680856336316,0.91
5,area,0.46516700984665016,0.0031531453472265648,0.02978524286558458,0.21683462727968433,0.11622131082285769,0.011647157628467889,0.009905692560581159,0.00022986307481046454,0.0008053851284020055,0.0005736959804852259,1.834405250264748e-05,0.06028770198638293,0.016552087121344178,0.007336208410560156,0.0019353487258238049,0.0002061413156337881,0.94
6,prod,0.10237178636014159,0.00038644783557537386,0.026221458252436606,0.5127763741930185,0.1561499619396067,0.0041000925012486126,0.0008956174023011466,1.9049437020421855e-05,3.813355943195024e-05,4.484752249856264e-05,8.941123040798776e-07,0.10154349050081292,0.023015262372697017,0.0039055888026414474,0.0007402027630666522,0.000856152188606413,0.93
6,water,0.6305241413964376,0.00023392964865461024,0.01897903091038737,0.19572702331194586,0.01992929637683813,0.008891960592883672,0.005122907672356168,0.00010318695887632011,0.0005330468267152849,0.0006807388376024659,1.1458892015598264e-05,0.06577779219522221,0.010721113403339663,0.0042732963424353,0.0013231651876140541,0.0008618680856336316,0.96
6,area,0.484365876816634,0.0026684046865233205,0.028496624780921357,0.19865244590469608,0.1191728030422565,0.0117609460501864,0.008665719531651878,0.00022986307481046454,0.0007425108167626701,0.0005736959804852259,1.7837001602330277e-05,0.05997795963036942,0.018377903635294925,0.004631433183710358,0.0019049902324917247,0.0002061413156337881,0.94
7,prod,0.10109001250860075,0.00038644783557537386,0.02622145825243661,0.5127763741930185,0.15614996193960665,0.004100092501248613,0.0008956174023011469,1.9049437020421855e-05,4.410715456696672e-05,4.484752249856264e-05,8.941123040798776e-07,0.10154349050081292,0.02301526237269702,0.0039055888026414474,0.0007441805718086333,0.000856152188606413,0.93
7,water,0.5515879378638473,0.00023392964865461024,0.018684430257072473,0.1957529662982005,0.019479193141296765,0.008898831085908646,0.005122907672356169,0.00010318695887632011,0.0005330468267152834,0.0006807388376024659,1.1458892015598264e-05,0.06508023116584186,0.010721113403339666,0.0043732740641158965,0.0013305187410052402,0.0008618680856336316,0.88
7,area,0.4843105014385893,0.0026684046865233205,0.028306414684716372,0.19868050131191614,0.11928842957165207,0.011772088475059271,0.008665719531651881,0.00022986307481046454,0.0007425108167626676,0.0005736959804852259,1.7837001602330277e-05,0.05992058182744285,0.01837790363529493,0.004769093047458328,0.0019154692844316136,0.0002061413156337881,0.94
9,prod,0.10708532705580087,0.0003986290145949349,0.026221458252436606,0.5127763741930184,0.15614996193960667,0.004100092501248614,0.0008956174023011465,1.9049437020421855e-05,3.775477293859621e-05,4.3976120867231094e-05,8.671347776637117e-07,0.10154349050081292,0.02301526237269702,0.0039055888026414474,0.0007441805718086333,0.000856152188606413,0.94
9,water,0.3901784527059782,0.0005476468805398123,0.01843651866468779,0.3922713818785537,0.06335098277531405,0.008987637532724071,0.006122307784330532,0.00010318695887632011,0.00039195230279687264,0.0006667221741342001,9.01403318919578e-06,0.06488813325507595,0.01911496920023576,0.008477870349067768,0.0013305187410052402,0.0008618680856336316,0.98
9,area,0.47100421140341525,0.0037218312166416643,0.028156962830532237,0.22613990757746244,0.09984536762617004,0.011960907003757505,0.008554854512202443,0.00022986307481046454,0.00045634581028548106,0.0005629955163188656,1.4366442175654034e-05,0.05989471367911521,0.02066194704971759,0.007334767973995137,0.0019154692844316136,0.0002061413156337881,0.94
14,prod,0.1070853270558009,0.0003764413755220166,0.02622145825243661,0.5127763741930185,0.15770760515051077,0.004058424748215699,0.0008956174023011466,1.9049437020421855e-05,3.775477293859621e-05,4.3976120867231094e-05,8.671347776637117e-07,0.10019818058146683,0.017646847896513992,0.0035185025907011843,0.0007441805718086333,0.000856152188606413,0.93
14,water,0.41961888574485684,0.0008008067102590255,0.017832638484376905,0.21637280795264707,0.057759635356511636,0.006784878595600978,0.005501285341412711,0.00010318695887632011,0.00039195230279687264,0.0006667221741342001,9.01403318919578e-06,0.05589981518859848,0.011593640471871258,0.005523625583312716,0.0013305187410052402,0.0008618680856336316,0.8
14,area,0.4773883021915125,0.003361872848720682,0.027267644235822484,0.21311621619058221,0.12055203066160608,0.009419991626092963,0.008261152050988272,0.00022986307481046454,0.00045634581028548106,0.0005629955163188656,1.4366442175654034e-05,0.05692187210354255,0.01598196559497775,0.005029775914179863,0.0019154692844316136,0.0002061413156337881,0.94
15,prod,0.10684222142967256,0.00037644137552201597,0.0262214582524366,0.5127763741930185,0.1574239421705089,0.004058424748215699,0.0008956174023011466,1.9049437020421855e-05,3.775477293859621e-05,4.3976120867231094e-05,8.671347776637117e-07,0.10019818058146683,0.019046257315417814,0.0037007660625396426,0.0007441805718086333,0.000856152188606413,0.93
15,water,0.4186598296783823,0.0009010059389166717,0.017422658115201634,0.21706975704308487,0.05762504786382043,0.006784878595600978,0.005556387521473444,0.00010318695887632011,0.00039195230279687264,0.0006667221741342001,9.01403318919578e-06,0.05589981518859848,0.012735762036128662,0.00582290729928733,0.0013305187410052402,0.0008618680856336316,0.8
15,area,0.47581888579235815,0.0034057547547755077,0.026831242427616142,0.21381576227625676,0.12033400126527792,0.009419991626092963,0.00826106885918925,0.00022986307481046454,0.00045634581028548106,0.0005629955163188656,1.4366442175654034e-05,0.05692187210354255,0.017216717729049157,0.005275526583866933,0.0019154692844316136,0.0002061413156337881,0.94
20,prod,0.10811427861383095,0.00038019372922180444,0.026488044800504346,0.5179021678019812,0.15786479661659364,0.004141760254281528,0.0009047064888159124,1.5457021512957907e-05,3.851234592530418e-05,4.571892412989419e-05,9.210898304962229e-07,0.0985149754824711,0.023364819129100444,0.003945064081091281,7.000392824123235e-05,0.000856152188606413,0.94
20,water,0.4012433388867308,0.00023630364550738785,0.016097186165244127,0.24607528262220713,0.008795650953030483,0.014197573458938458,0.005845200936343057,7.567043650930141e-05,0.00030100997045825605,0.0006572602858223401,1.002929797998006e-05,0.0912155702747265,0.009472263662252683,0.004353685303288699,0.00010595442520633636,0.0008618680856336316,0.8
20,area,0.4631411070316883,0.0026603487019648234,0.025241922990172614,0.23556167862268432,0.09385343420348924,0.027779243057284242,0.00890489271052018,0.00018017208657937882,0.000465677719926603,0.0005470436949948857,1.5904846263560607e-05,0.06092956299994313,0.016287133201368154,0.004511509501850842,0.00015938299966637356,0.0002061413156337881,0.94
21,prod,0.10811427861383092,0.00038019372922180444,0.026488044800504346,0.517902167801981,0.15786479661659358,0.004141760254281528,0.0009047064888159124,1.8113482022308645e-05,4.448594106032086e-05,4.571892412989419e-05,9.210898304960699e-07,0.10288880042015898,0.023364819129100444,0.003945064081091282,0.00035875980920324835,0.000856152188606413,0.95
21,water,0.3623877396603653,0.00022665704858561693,0.016196161291875667,0.40584255691356497,0.022227884312447304,0.007983256329772629,0.005892363659710989,8.974497955909833e-05,0.0003719361789732439,0.0006616724178570518,1.0029297979978305e-05,0.08155965339350826,0.011417144787698176,0.004826123612964891,0.0006107402838013,0.0008618680856336316,0.92
21,area,0.455933683049557,0.0026233339862416676,0.025742531870250666,0.23563430047408818,0.11460938448138396,0.009140002118270764,0.008986246303648929,0.0002136374460003141,0.0005635385436878228,0.0005507620682638786,1.5904846263558147e-05,0.06232928082931682,0.01799471205148397,0.0050173995297860706,0.0008842967701531988,0.0002061413156337881,0.94
22,prod,0.10358505265256997,0.00039020018927516184,0.026488044800504346,0.517902167801981,0.15786479661659358,0.004141760254281528,0.0009047064888159121,1.8154774154578346e-05,4.448594106032086e-05,4.571892412989419e-05,1.1000224036647723e-06,0.102888800420159,0.023364819129100437,0.003945064081091281,0.00044441345557469716,0.000856152188606413,0.94
22,water,0.3447278650398934,0.00023614550457424406,0.016692012187748007,0.40835607459689033,0.024238309817192747,0.008328864711029834,0.005597583863226515,8.990312049224212e-05,0.00038964796348534784,0.0006947555010707317,1.1768848244559945e-05,0.06754676239430973,0.011427023743743254,0.0048256684754012695,0.0007604206770218931,0.0008618680856336316,0.89
22,area,0.4338716659914106,0.002692799959585124,0.02634210253152151,0.25243474459008536,0.11790285874261819,0.010706021206267484,0.009003564815721907,0.0002139754799338589,0.0005863558342020968,0.0005843964446515862,1.827108379837175e-05,0.061750301850164016,0.018015109445138504,0.005018067092310794,0.0010987793009873748,0.0002061413156337881,0.94
23,prod,0.10811427861383094,0.00039020018927516184,0.026488044800504346,0.5179021678019811,0.1578647966165936,0.004141760254281528,0.0009047064888159119,1.8399051179486977e-05,4.448594106032086e-05,4.571892412989419e-05,1.1000224036647723e-06,0.10288880042015898,0.023364819129100444,0.003945064081091279,0.0005793974359643483,0.000856152188606413,0.95
23,water,0.39184839089742773,0.00046805918302960563,0.01529984754609153,0.38753813861922404,0.022775801846098554,0.00833536383744737,0.005253342549264136,9.2300792620008e-05,0.00038964796348534784,0.0006947555010707317,1.1768848244559945e-05,0.06267433974224344,0.011434035602032032,0.004823657682144075,0.000995734385539846,0.0008618680856336316,0.91
23,area,0.45358029188092935,0.003080524881361011,0.024158806356312935,0.2348578555700332,0.11812427797207647,0.010718094710660982,0.00881694480170188,0.0002176938532028517,0.0005863558342020968,0.0005843964446515862,1.827108379837175e-05,0.0609477313957639,0.018030217406560564,0.0050815840274433385,0.0014359681496983138,0.0002061413156337881,0.94
25,prod,0.10740363341298358,0.00039020018927516184,0.02648804480050435,0.5179021678019811,0.1578647966165936,0.004141760254281529,0.0009047064888159124,1.9049437020421855e-05,3.8512345925304284e-05,4.571892412989429e-05,1.1000224036648488e-06,0.102888800420159,0.02336481912910044,0.003945064081091281,0.0007616246740384743,0.000856152188606413,0.95
25,water,0.37780791025011146,0.000326918400198777,0.020586924902545153,0.3779375220635195,0.03371937572308541,0.008909866272396956,0.0062290721067612955,0.00010318695887632011,0.0006123103973517988,0.0006947555010707333,1.2164200577420288e-05,0.07282225555262806,0.01464967211552651,0.00871690353817411,0.0013602002999544584,0.0008618680856336316,0.93
25,area,0.4665092816443594,0.0031775406202883684,0.03014200124403511,0.2111257514660025,0.11747310156100034,0.011738204718804173,0.009971990879475114,0.00022986307481046454,0.0008099652812419839,0.0005843964446515875,1.8778134698690182e-05,0.06136013353963077,0.01794323635201629,0.007410329420174613,0.001958246450174384,0.0002061413156337881,0.94
27,prod,0.10109001250860075,0.00039020018927516184,0.02648804480050435,0.5161127348605229,0.15786479661659358,0.0041417602542815285,0.0009047064888159124,1.9049437020421855e-05,3.851234592530459e-05,4.571892412989419e-05,1.1000224036649254e-06,0.102888800420159,0.023364819129100437,0.003945064081091281,0.0007441805718086333,0.000856152188606413,0.94
27,water,0.5972073909483617,0.00023614550457424406,0.018978511274375078,0.19700938951627883,0.020652653549227053,0.008979133544266915,0.00518573730034517,0.00010318695887632011,0.0005360073971099246,0.0006947555010707317,1.1768848244561703e-05,0.0665509205708195,0.010862830551516676,0.004416856897489881,0.0013305187410052402,0.0008618680856336316,0.93
27,area,0.48012404759760713,0.002692799959585124,0.0286631730631669,0.1998687951911668,0.12056945498370399,0.01186313556539555,0.008754915574896412,0.00022986307481046454,0.0007470909696026545,0.0005843964446515862,1.827108379837421e-05,0.06077229854712369,0.018621100722396873,0.004814202306059616,0.0019154692844316136,0.0002061413156337881,0.94
29,prod,0.10737956651017566,0.0004023813682947237,0.02648804480050435,0.5179021678019811,0.15786479661659372,0.004141760254281529,0.0009047064888159121,1.9049437020421855e-05,3.775477293859621e-05,4.3976120867231094e-05,8.671347776637117e-07,0.102888800420159,0.02336481912910044,0.003945064081091281,0.0007441805718086333,0.000856152188606413,0.95
29,water,0.3914362463992685,0.0005512049862779412,0.018730599681990395,0.3944722120001154,0.06770272377724089,0.00906793999108234,0.006245291602852959,0.00010318695887632011,0.00039195230279687264,0.0006667221741342001,9.01403318919578e-06,0.06635882266005358,0.019501310499401566,0.008568133280338733,0.0013305187410052402,0.0008618680856336316,0.99
29,area,0.47229757980136755,0.003747880478887736,0.028513721208982767,0.22571036336806535,0.0971517592616513,0.012051954094093783,0.008667694732370466,0.00022986307481046454,0.00045634581028548106,0.0005629955163188656,1.4366442175654034e-05,0.060746430398796056,0.02097919854518493,0.007408888983609593,0.0019154692844316136,0.0002061413156337881,0.94
31,prod,0.10700186884791983,0.0003801937292218046,0.02648804480050435,0.5179021678019811,0.1578647966165936,0.004141760254281528,0.0009047064888159124,1.9049437020421855e-05,3.775477293859621e-05,4.3976120867231094e-05,8.671347776637117e-07,0.102888800420159,0.023364819129100444,0.00394506408109128,0.0007441805718086333,0.000856152188606413,0.95
31,water,0.49296506179620386,0.00035487301777993135,0.018730599681990395,0.22946771422355083,0.057679026429210675,0.006978123090218577,0.00619340111905896,0.00010318695887632011,0.00039195230279687264,0.0006667221741342001,9.01403318919578e-06,0.061705403070982656,0.01935149692686472,0.008439698311068482,0.0013305187410052402,0.0008618680856336316,0.91
31,area,0.47057897423089906,0.0028064559739654662,0.028513721208982767,0.22010740272999757,0.10879644787297431,0.009756649790277192,0.008626855483961174,0.00022986307481046454,0.00045634581028548106,0.0005629955163188656,1.4366442175654034e-05,0.059856389895351636,0.02092812314272477,0.007329803088891419,0.0019154692844316136,0.0002061413156337881,0.94
33,prod,0.10816986174413443,0.0003801937292218046,0.02648804480050435,0.5179021678019811,0.15379360961839697,0.004050992164407153,0.000836743768313212,1.9049437020421855e-05,3.775477293859621e-05,4.3976120867231094e-05,8.671347776637117e-07,0.0973659119369558,0.016549377344064656,0.0032949056944607557,0.0007441805718086333,0.000856152188606413,0.93
33,water,0.41986979244596273,0.000740895035583912,0.017559693726990278,0.22327330845498397,0.05041772753948587,0.006717194276215438,0.005185994691050733,0.00010318695887632011,0.00039195230279687264,0.0006667221741342001,9.01403318919578e-06,0.05392115583310344,0.010701871368639404,0.005012355946458857,0.0013305187410052402,0.0008618680856336316,0.8
33,area,0.4806815204881462,0.0041565635045434,0.02698080977815353,0.21527025871252256,0.11732603060735225,0.009365399145825478,0.007665426494028675,0.00022986307481046454,0.00045634581028548106,0.0005629955163188656,1.4366442175654034e-05,0.055848107313637485,0.014925043250836816,0.004609937768717221,0.0019154692844316136,0.0002061413156337881,0.94
34,prod,0.10723730401774248,0.0004675541170604007,0.02648804480050435,0.5179021678019811,0.1549359543463965,0.004058424748215699,0.000837996296325393,1.9049437020421855e-05,3.775477293859621e-05,4.3976120867231094e-05,8.671347776637117e-07,0.10019818058146683,0.017038358774402452,0.0035185025907011843,0.0007441805718086333,0.000856152188606413,0.93
34,water,0.4204443358733584,0.0009330391483046653,0.017559693726990278,0.21857851894232916,0.05620863460044064,0.006784878595600978,0.005205604166760563,0.00010318695887632011,0.00039195230279687264,0.0006667221741342001,9.01403318919578e-06,0.05589981518859848,0.011144824122375148,0.005523625583312716,0.0013305187410052402,0.0008618680856336316,0.8
34,area,0.478103995183121,0.003947888844919587,0.02698080977815353,0.214862508384833,0.11847791790714661,0.009419991626092963,0.007680638021038191,0.00022986307481046454,0.00045634581028548106,0.0005629955163188656,1.4366442175654034e-05,0.05692187210354255,0.015403699300736253,0.005029775914179863,0.0019154692844316136,0.0002061413156337881,0.94
35,prod,0.10684222142967256,0.0003801937292218043,0.02648804480050435,0.5179021678019811,0.15704793250678864,0.004058424748215699,0.0009047064888159119,1.9049437020421855e-05,3.775477293859621e-05,4.3976120867231094e-05,8.671347776637117e-07,0.10019818058146683,0.018788596767706736,0.0037007660625396426,0.0007441805718086333,0.000856152188606413,0.94
35,water,0.4186598296783823,0.0009082110218010909,0.017559693726990278,0.219275468032767,0.05699086271940231,0.006784878595600978,0.005602911416625409,0.00010318695887632011,0.00039195230279687264,0.0006667221741342001,9.01403318919578e-06,0.05589981518859848,0.012528234648279986,0.00582290729928733,0.0013305187410052402,0.0008618680856336316,0.8
35,area,0.47581888579235815,0.0034334011980644004,0.02698080977815353,0.21556205447050755,0.11856058234369474,0.009419991626092963,0.008351222875247267,0.00022986307481046454,0.00045634581028548106,0.0005629955163188656,1.4366442175654034e-05,0.05692187210354255,0.01697647664649725,0.005275526583866933,0.0019154692844316136,0.0002061413156337881,0.94
38,prod,0.10833260043074072,0.0003801937292218043,0.02648804480050435,0.5179021678019811,0.14162406755841242,0.004058424748215699,0.000886528315786381,1.9049437020421855e-05,3.775477293859621e-05,4.3976120867231094e-05,8.671347776637117e-07,0.10019818058146683,0.023126932567107513,0.0038661135241916137,0.0007441805718086333,0.000856152188606413,0.93
38,water,0.41968742373148893,0.0006230829193428454,0.017559693726990278,0.22151010066848228,0.04927521556034169,0.006784878595600978,0.006154212554223561,0.00010318695887632011,0.00039195230279687264,0.0006667221741342001,9.01403318919578e-06,0.05589981518859848,0.016902151785320542,0.006161328896215031,0.0013305187410052402,0.0008618680856336316,0.8
38,area,0.4814917114575696,0.0029616748438026307,0.02698080977815353,0.2176955508263697,0.10798155219424693,0.009419991626092963,0.008115856710477121,0.00022986307481046454,0.00045634581028548106,0.0005629955163188656,1.4366442175654034e-05,0.05692187210354255,0.02082000180639759,0.005542742408334098,0.0019154692844316136,0.0002061413156337881,0.94
39,prod,0.10833260043074074,0.0003801937292218043,0.02648804480050435,0.5179021678019811,0.14162406755841242,0.004058424748215699,0.000886528315786381,1.9049437020421855e-05,3.775477293859621e-05,4.3976120867231094e-05,8.671347776637117e-07,0.10019818058146683,0.0226657056162936,0.0038661135241916137,0.0007441805718086333,0.000856152188606413,0.93
39,water,0.41968742373148904,0.0008295359075620576,0.017969674096165542,0.22151010066848228,0.05130898703103734,0.006784878595600978,0.006154212554223561,0.00010318695887632011,0.00039195230279687264,0.0006667221741342001,9.01403318919578e-06,0.05589981518859848,0.01661199339255553,0.006161328896215031,0.0013305187410052402,0.0008618680856336316,0.81
39,area,0.4814917114575696,0.003199988766951715,0.027417211586359867,0.2176955508263697,0.10775758950174645,0.009419991626092963,0.008115856710477121,0.00022986307481046454,0.00045634581028548106,0.0005629955163188656,1.4366442175654034e-05,0.05692187210354255,0.020343896222526744,0.005542742408334098,0.0019154692844316136,0.0002061413156337881,0.94
40,prod,0.1091988133021645,0.0003839460829215932,0.02675463134857208,0.5230279614109438,0.15957963129358058,0.004183428007314441,0.0009137955753306772,1.5457021512957907e-05,3.8891132418658325e-05,4.659032576122574e-05,9.48067356912568e-07,0.09314321494713161,0.02371437588550385,0.003984539359541114,7.000392824123235e-05,0.000856152188606413,0.95
40,water,0.4057225441083494,0.0002385195014270221,0.016256182809763153,0.24861894788171673,0.008871612025362512,0.011652046508757908,0.005908030564332053,7.567043650930141e-05,0.00030397054085289413,0.0006712769492906059,1.03392542089435e-05,0.08925740890068747,0.009613980810429692,0.004397268136662684,0.00010595442520633636,0.0008618680856336316,0.8
40,area,0.4680073697678732,0.002684743975026632,0.025491461593589636,0.23754553352060373,0.09426869035185724,0.022876327180752377,0.008994088753764708,0.00018017208657937882,0.000470257872766585,0.000557744159161246,1.633892845960454e-05,0.05789995412937379,0.01653033028847009,0.004556618760452129,0.00015938299966637356,0.0002061413156337881,0.94
41,prod,0.10895723860510112,0.0003839460829215932,0.026754631348572075,0.5230279614109435,0.15957963129358058,0.00418342800731444,0.0009137955753306779,1.8113482022308645e-05,4.4864727553675003e-05,4.6590325761225835e-05,9.480673569122622e-07,0.10423411033950504,0.02281215512166576,8.693370247180957e-05,0.00035875980920324835,0.000856152188606413,0.95
41,water,0.3657051745052901,0.0002288729045052512,0.01635515793639469,0.22702246224356679,0.028406231604384515,0.008063558788130892,0.005887588038781021,8.974497955909833e-05,0.0003748967493678819,0.000675689081325319,1.0339254208939986e-05,0.08303034279848588,0.01097075173565425,5.527025613375307e-05,0.0006107402838013,0.0008618680856336316,0.75
41,area,0.45978500930302146,0.0026477292593034764,0.025992070473667684,0.22737960518914827,0.12411614721572674,0.009231049208607038,0.009013413120087986,0.0002136374460003141,0.0005681186965278048,0.0005614625324302401,1.633892845959962e-05,0.06318099754899767,0.016460346724380532,0.00018879195188477123,0.0008842967701531988,0.0002061413156337881,0.94
42,prod,0.1091988133021645,0.00039395254297495063,0.02675463134857208,0.5230279614109435,0.15957963129358055,0.004183428007314441,0.0009137955753306781,1.8154774154578346e-05,4.4864727553675003e-05,4.6590325761225835e-05,9.480673569123388e-07,0.10423411033950507,0.023714375885503854,0.003984539359541114,0.00044441345557469716,0.000856152188606413,0.96
42,water,0.3639814046542904,0.00023836136049387832,0.01635515793639469,0.3896702093141968,0.026350048487490296,0.008742143505816785,0.005660413491215518,8.990312049224212e-05,0.0003926085338799859,0.000708772164538999,1.2078804473522507e-05,0.06901745179928741,0.011568740891920268,0.004869251308775255,0.0007604206770218931,0.0008618680856336316,0.9
42,area,0.45620229369070586,0.002717195232646933,0.02599207047366768,0.22730208713251907,0.11908731990424443,0.011404292779873308,0.009092760858966441,0.0002139754799338589,0.0005909359870420788,0.0005950969088179477,1.8705165994414457e-05,0.06260201856984488,0.018258306532240448,0.005063176350912082,0.0010987793009873748,0.0002061413156337881,0.94
43,prod,0.1091988133021645,0.00039395254297495063,0.02675463134857208,0.5230279614109435,0.15957963129358055,0.004183428007314439,0.0009137955753306779,1.8399051179486977e-05,4.4864727553675003e-05,4.6590325761225937e-05,1.1269999300809646e-06,0.10423411033950505,0.02371437588550385,0.003984539359541114,0.0005793974359643483,0.000856152188606413,0.96
43,water,0.3955680242926502,0.00047027503894923986,0.014673896251017194,0.38929799455187003,0.026148445934239335,0.008415666295805636,0.005316172177253138,9.2300792620008e-05,0.0003926085338799859,0.0007087721645390007,1.2078804473521627e-05,0.06414502914722112,0.011575752750209039,0.0048672405155180615,0.000995734385539846,0.0008618680856336316,0.92
43,area,0.45695163083799345,0.0031049201544228197,0.02317622921334901,0.22993838380950285,0.11929461174727748,0.010809141800997256,0.008906140844946417,0.0002176938532028517,0.0005909359870420788,0.000595096908817949,1.8705165994413227e-05,0.06179944811544476,0.018273414493662505,0.005126693286044627,0.0014359681496983138,0.0002061413156337881,0.94
44,prod,0.1078217148046667,0.00039395254297495063,0.026754631348572082,0.5230279614109437,0.15957963129358055,0.00418342800731444,0.0009137955753306776,1.9049437020421855e-05,5.472174346162293e-05,4.3976120867231094e-05,8.671347776637117e-07,0.10423411033950511,0.020017274425922445,0.00018920055005976793,0.000734848549915681,0.000856152188606413,0.95
44,water,0.37207540173192977,0.0002653243895948938,0.019889819752264906,0.22443893376153998,0.03471010590043977,0.006343215524355347,0.0052485669283341705,0.00010318695887632011,0.0004751852565419224,0.0006667221741342001,9.01403318919578e-06,0.09060757005355381,0.019648903559955678,0.0001702387145292852,0.00131296509742628,0.0008618680856336316,0.78
44,area,0.46241148115857184,0.002874550028712038,0.03153792713615368,0.2203671578513287,0.11846051915255341,0.010372151955688705,0.008844111618140945,0.00022986307481046454,0.0006523620026094704,0.0005629955163188656,1.4366442175654034e-05,0.06439414173158722,0.017249686056560395,0.0003772458698359977,0.0018904547733492984,0.0002061413156337881,0.94
45,prod,0.10740363341298358,0.00039395254297495063,0.02675463134857208,0.5230279614109437,0.15957963129358058,0.004183428007314441,0.0009137955753306781,1.9049437020421855e-05,3.889113241865837e-05,4.6590325761225835e-05,9.480673569123388e-07,0.10423411033950511,0.023714375885503854,0.0010064130288174535,0.000736775516088267,0.000856152188606413,0.95
45,water,0.37780791025011146,0.0002653243895948938,0.020881005919847755,0.215331342420053,0.03365521727746404,0.008990168730755223,0.006224296485831328,0.00010318695887632011,0.0006152709677464365,0.000708772164538999,1.247415680638197e-05,0.07429294495760574,0.01858342304933622,0.0016827829504059656,0.001316760479821731,0.0008618680856336316,0.76
45,area,0.4665092816443594,0.002874550028712038,0.03049875962248563,0.2131581122903114,0.11859780675165717,0.01182925180914045,0.010053597032364244,0.00022986307481046454,0.0008145454340819652,0.0005950969088179477,1.921221689473166e-05,0.062211850259311634,0.019334385582688407,0.0018323350291100202,0.0018958633162860152,0.0002061413156337881,0.94
46,prod,0.10237178636014159,0.00039395254297495063,0.026754631348572082,0.5159441070791249,0.15957963129358055,0.004183428007314441,0.0009137955753306776,1.9049437020421855e-05,4.4864727553675003e-05,4.6590325761225937e-05,9.480673569124152e-07,0.10423411033950508,0.023714375885503854,0.003984539359541114,0.0007402027630666522,0.000856152188606413,0.94
46,water,0.5022210108832841,0.00023836136049387832,0.020006982880065444,0.21252102132268394,0.021905799408152193,0.009052565509600208,0.00524856692833417,0.00010318695887632011,0.0005389679675045595,0.0007087721645390007,1.2078804473523386e-05,0.06871917100517752,0.011004547699693688,0.004360462009183269,0.0013231651876140541,0.0008618680856336316,0.86
46,area,0.4647241894507678,0.002717195232646933,0.029337561372015954,0.21213227143639204,0.12177297594287395,0.011943040230858957,0.008844111618140941,0.00022986307481046454,0.0007516711224426316,0.000595096908817949,1.8705165994415687e-05,0.061681393069731125,0.018864297809498817,0.004721651700912934,0.0019049902324917247,0.0002061413156337881,0.94
47,prod,0.10925439643246797,0.0003839460829215932,0.026754631348572082,0.5188961103928272,0.15957963129358055,0.004183428007314441,0.0009137955753306781,1.9049437020421855e-05,3.775477293859621e-05,4.3976120867231094e-05,8.671347776637117e-07,0.1042341103395051,0.023714375885503854,0.003984539359541114,0.0007441805718086333,0.000856152188606413,0.95
47,water,0.3873850057873266,0.0003744416334641058,0.01927259229167768,0.38448511957597936,0.05713641159336068,0.00905943600262518,0.006902389888319225,0.00010318695887632011,0.00039195230279687264,0.0006667221741342001,9.01403318919578e-06,0.0680216099757972,0.021118926449310908,0.008695258863125518,0.0013305187410052402,0.0008618680856336316,0.97
47,area,0.4742245095645987,0.0034071224910118716,0.029019931441617422,0.20832109773239976,0.11102616488865377,0.011954182655731825,0.009099857357588304,0.00022986307481046454,0.00045634581028548106,0.0005629955163188656,1.4366442175654034e-05,0.06162401526680456,0.021107331453400647,0.007491258021202544,0.0019154692844316136,0.0002061413156337881,0.94
48,prod,0.10925439643246797,0.0004061337219945118,0.026754631348572082,0.5230279614109434,0.1595796312935806,0.004183428007314442,0.0009137955753306781,1.9049437020421855e-05,3.775477293859621e-05,4.3976120867231094e-05,8.671347776637117e-07,0.10423411033950508,0.023714375885503854,0.003984539359541114,0.0007441805718086333,0.000856152188606413,0.96
48,water,0.39881973449233726,0.000448017962144014,0.019190143048696484,0.24600435346185498,0.07458584182240066,0.009161844161608214,0.006907790205143602,0.00010318695887632011,0.00039195230279687264,0.0006667221741342001,9.01403318919578e-06,0.06800200855219944,0.020980446757334736,0.007953560277220531,0.0013305187410052402,0.0008618680856336316,0.86
48,area,0.4824277478361838,0.0030065644534938954,0.0290331426507291,0.21955533576673167,0.09200047349387037,0.012150421048101092,0.00910720656916829,0.00022986307481046454,0.00045634581028548106,0.0005629955163188656,1.4366442175654034e-05,0.06162511157890187,0.021095093958602054,0.007274373517227332,0.0019154692844316136,0.0002061413156337881,0.94
51,prod,0.10925439643246798,0.0004061337219945118,0.026754631348572082,0.5230279614109435,0.15957963129358058,0.004183428007314441,0.0009137955753306779,1.9049437020421855e-05,3.775477293859621e-05,4.3976120867231094e-05,8.671347776637117e-07,0.1042341103395051,0.01637640293807199,0.0005576915384345757,0.0007441805718086333,0.000856152188606413,0.95
51,water,0.4081425797462178,0.000375747555697304,0.019134746788761075,0.23166854434511247,0.06112173780814051,0.0070584255485768455,0.006316384937581386,0.00010318695887632011,0.00039195230279687264,0.0006667221741342001,9.01403318919578e-06,0.06317609247596033,0.01125812564323564,0.0006942386965012188,0.0013305187410052402,0.0008618680856336316,0.81
51,area,0.4810774257253341,0.002952845316553482,0.029004002991183487,0.22184888861003596,0.10731221875746275,0.009847696880613474,0.008739695704129198,0.00022986307481046454,0.00045634581028548106,0.0005629955163188656,1.4366442175654034e-05,0.0607081066150325,0.014840461496273844,0.0009694813214064886,0.0019154692844316136,0.0002061413156337881,0.94
52,prod,0.10762714674867022,0.0004061337219945118,0.026754631348572085,0.5230279614109438,0.15610475853221178,0.0041390458153977615,0.0007905241082593272,1.9049437020421855e-05,3.775477293859621e-05,4.3976120867231094e-05,8.671347776637117e-07,0.0924286254455118,0.01643563128370572,0.001284639527042654,0.0007441805718086333,0.000856152188606413,0.93
52,water,0.4065680800237709,0.0005769818931227711,0.017696729338778916,0.23132806006617773,0.047568752031443236,0.00735461920315251,0.004644520135966412,0.00010318695887632011,0.00039195230279687264,0.0006667221741342001,9.01403318919578e-06,0.04852372671443946,0.010606591456420273,0.0018715188732901307,0.0013305187410052402,0.0008618680856336316,0.78
52,area,0.4768140677231511,0.003782718623405968,0.027130377128690913,0.22351361357717764,0.11873388112633679,0.01061257534363902,0.007205531327440973,0.00022986307481046454,0.00045634581028548106,0.0005629955163188656,1.4366442175654034e-05,0.05272230753014871,0.014821604867172107,0.001964146170862065,0.0019154692844316136,0.0002061413156337881,0.94
53,prod,0.10925439643246797,0.00038394608292159307,0.026754631348572085,0.5230279614109435,0.14588064623720476,0.004050992164407153,0.000836743768313212,1.9049437020421855e-05,3.775477293859621e-05,4.3976120867231094e-05,8.671347776637117e-07,0.0973659119369558,0.016549377344064656,0.0032949056944607557,0.0007441805718086333,0.000856152188606413,0.93
53,water,0.4257603516887081,0.0007444531413220406,0.017696729338778916,0.23665804434165114,0.04666332186686352,0.006717194276215438,0.005185994691050733,0.00010318695887632011,0.00039195230279687264,0.0006667221741342001,9.01403318919578e-06,0.05392115583310344,0.010701871368639404,0.005012355946458857,0.0013305187410052402,0.0008618680856336316,0.81
53,area,0.4857888332392394,0.00418261276678947,0.027130377128690913,0.21606940121137888,0.11124395874461927,0.009365399145825478,0.007665426494028675,0.00022986307481046454,0.00045634581028548106,0.0005629955163188656,1.4366442175654034e-05,0.055848107313637485,0.014925043250836816,0.004609937768717221,0.0019154692844316136,0.0002061413156337881,0.94
54,prod,0.10723730401774248,0.0004713064707601897,0.026754631348572075,0.5230279614109435,0.1524334136348308,0.004058424748215699,0.000837996296325393,1.9049437020421855e-05,3.775477293859621e-05,4.3976120867231094e-05,8.671347776637117e-07,0.10019818058146683,0.017038358774402452,0.0035185025907011843,0.0007441805718086333,0.000856152188606413,0.94
54,water,0.4204443358733584,0.0009402442311890856,0.01769672933877891,0.2207842299320113,0.05502127247188559,0.006784878595600978,0.005205604166760563,0.00010318695887632011,0.00039195230279687264,0.0006667221741342001,9.01403318919578e-06,0.05589981518859848,0.011144824122375148,0.005523625583312716,0.0013305187410052402,0.0008618680856336316,0.8
54,area,0.478103995183121,0.0039755352882084845,0.027130377128690906,0.21660880057908377,0.11655441191906958,0.009419991626092963,0.007680638021038191,0.00022986307481046454,0.00045634581028548106,0.0005629955163188656,1.4366442175654034e-05,0.05692187210354255,0.015403699300736253,0.005029775914179863,0.0019154692844316136,0.0002061413156337881,0.94
55,prod,0.10684222142967256,0.0003839460829215932,0.026754631348572075,0.5230279614109435,0.15454539179522292,0.004058424748215699,0.0009137955753306776,1.9049437020421855e-05,3.775477293859621e-05,4.3976120867231094e-05,8.671347776637117e-07,0.10019818058146683,0.018695979523261557,0.0037007660625396426,0.0007441805718086333,0.000856152188606413,0.94
55,water,0.4186598296783823,0.0009154161046855112,0.01769672933877891,0.22148117902244907,0.055803500590847245,0.006784878595600978,0.005649435311777375,0.00010318695887632011,0.00039195230279687264,0.0006667221741342001,9.01403318919578e-06,0.05589981518859848,0.01245895654482769,0.00582290729928733,0.0013305187410052402,0.0008618680856336316,0.8
55,area,0.47581888579235815,0.003461047641353298,0.027130377128690906,0.21730834666475832,0.11663707635561772,0.009419991626092963,0.008441376891305287,0.00022986307481046454,0.00045634581028548106,0.0005629955163188656,1.4366442175654034e-05,0.05692187210354255,0.016886322630439227,0.005275526583866933,0.0019154692844316136,0.0002061413156337881,0.94
56,prod,0.1060174180871002,0.0003839460829215932,0.026754631348572075,0.5230279614109435,0.15575050181023795,0.004058424748215699,0.0008718420807424575,1.9049437020421855e-05,3.775477293859621e-05,4.3976120867231094e-05,8.671347776637117e-07,0.10019818058146683,0.020158227120171946,0.0038193295383300426,0.0007441805718086333,0.000856152188606413,0.94
56,water,0.4118309439260458,0.0006302880022272657,0.01769672933877891,0.22333437531814532,0.051618792222264745,0.006784878595600978,0.005769218452485015,0.00010318695887632011,0.00039195230279687264,0.0006667221741342001,9.01403318919578e-06,0.05589981518859848,0.013801908081057032,0.006064704786064178,0.0013305187410052402,0.0008618680856336316,0.8
56,area,0.4712576090364622,0.002989321287091528,0.027130377128690906,0.21913323590052575,0.11887435677286741,0.009419991626092963,0.007968473915451588,0.00022986307481046454,0.00045634581028548106,0.0005629955163188656,1.4366442175654034e-05,0.05692187210354255,0.018137717755246602,0.005467867892053925,0.0019154692844316136,0.0002061413156337881,0.94
57,prod,0.10595010833044716,0.0003839460829215932,0.026754631348572075,0.5230279614109435,0.15616986728292107,0.004058424748215699,0.0008842434844674576,1.9049437020421855e-05,3.775477293859621e-05,4.3976120867231094e-05,8.671347776637117e-07,0.10019818058146683,0.020314077391401886,0.0038523081879694434,0.0007441805718086333,0.000856152188606413,0.94
57,water,0.41157458317748,0.0006302880022272657,0.01769672933877891,0.22371581165816437,0.051817765480915955,0.006784878595600978,0.006045332521754064,0.00010318695887632011,0.00039195230279687264,0.0006667221741342001,9.01403318919578e-06,0.05589981518859848,0.013943523286687293,0.006121635521995941,0.0013305187410052402,0.0008618680856336316,0.8
57,area,0.4709484770042354,0.002989321287091528,0.027130377128690906,0.21944184302062045,0.11919668998973407,0.009419991626092963,0.008092363352095759,0.00022986307481046454,0.00045634581028548106,0.0005629955163188656,1.4366442175654034e-05,0.05692187210354255,0.018278170854634467,0.005512657388248611,0.0019154692844316136,0.0002061413156337881,0.94
58,prod,0.1055721442253395,0.0003839460829215932,0.026754631348572075,0.5230279614109435,0.15616986728292107,0.004058424748215699,0.000886528315786381,1.9049437020421855e-05,3.775477293859621e-05,4.3976120867231094e-05,8.671347776637117e-07,0.10019818058146683,0.022203357611269764,0.0038661135241916137,0.0007441805718086333,0.000856152188606413,0.94
58,water,0.4097590639130537,0.0006302880022272657,0.01769672933877891,0.22371581165816437,0.051817765480915955,0.006784878595600978,0.006154212554223561,0.00010318695887632011,0.00039195230279687264,0.0006667221741342001,9.01403318919578e-06,0.05589981518859848,0.016031616167917838,0.006161328896215031,0.0013305187410052402,0.0008618680856336316,0.8
58,area,0.4691802214978626,0.002989321287091528,0.027130377128690906,0.21944184302062045,0.11919668998973407,0.009419991626092963,0.008115856710477121,0.00022986307481046454,0.00045634581028548106,0.0005629955163188656,1.4366442175654034e-05,0.05692187210354255,0.01999284798254047,0.005542742408334098,0.0019154692844316136,0.0002061413156337881,0.94
59,prod,0.10548889663967459,0.0003839460829215932,0.026754631348572075,0.5230279614109435,0.15616986728292107,0.004058424748215699,0.000886528315786381,1.9049437020421855e-05,3.775477293859621e-05,4.3976120867231094e-05,8.671347776637117e-07,0.10019818058146683,0.0226657056162936,0.0038661135241916137,0.0007441805718086333,0.000856152188606413,0.95
59,water,0.4094477147285522,0.0006302880022272657,0.01769672933877891,0.22371581165816437,0.051817765480915955,0.006784878595600978,0.006154212554223561,0.00010318695887632011,0.00039195230279687264,0.0006667221741342001,9.01403318919578e-06,0.05589981518859848,0.01661199339255553,0.006161328896215031,0.0013305187410052402,0.0008618680856336316,0.8
59,area,0.4688291732578763,0.002989321287091528,0.027130377128690906,0.21944184302062045,0.11919668998973407,0.009419991626092963,0.008115856710477121,0.00022986307481046454,0.00045634581028548106,0.0005629955163188656,1.4366442175654034e-05,0.05692187210354255,0.020343896222526744,0.005542742408334098,0.0019154692844316136,0.0002061413156337881,0.94
60,prod,0.11028334799049802,0.0003876984366213819,0.027021217896639815,0.5281537550199061,0.1612944659705675,0.004225095760347355,0.0009228846618454437,1.5457021512957907e-05,3.926991891201247e-05,4.7461727392557284e-05,9.750448833286075e-07,0.08777145441179215,0.02406393264190727,0.0040240146379909485,7.000392824123235e-05,0.000856152188606413,0.95
60,water,0.4102017493299678,0.00024073535734665637,0.01641517945428218,0.2511664095550039,0.008947573097694542,0.012238726455234477,0.005970860192321061,7.567043650930141e-05,0.00030693111124753227,0.0006852936127588717,1.0649210437903425e-05,0.08729924752664837,0.009755697958606703,0.004440850970036669,0.00010595442520633636,0.0008618680856336316,0.81
60,area,0.47287363250405784,0.002709139248088441,0.025741000197006654,0.23952938841852317,0.09468394650022523,0.017973411304220588,0.00908328479700925,0.00018017208657937882,0.000474838025606567,0.0005684446233276063,1.6773010655643557e-05,0.05487034525880447,0.01677352737557204,0.004601728019053418,0.00015938299966637356,0.0002061413156337881,0.94
61,prod,0.10895723860510112,0.0003876984366213819,0.02702121789663981,0.5281537550199061,0.1612944659705675,0.0042250957603473535,0.0009228846618454433,1.8113482022308645e-05,3.926991891201247e-05,4.7461727392557386e-05,9.750448833284547e-07,0.10557942025885113,0.01711252112571384,8.693370247180957e-05,0.00035875980920324835,0.000856152188606413,0.96
61,water,0.3657051745052901,0.00023108876042488545,0.016514154580913716,0.22907763911899434,0.02977682721751591,0.008143861246489161,0.005950417666770022,8.974497955909833e-05,0.0003778573197625201,0.000689705744793585,1.0649210437901667e-05,0.0845010322034636,0.009051906949983963,5.527025613375307e-05,0.0006107402838013,0.0008618680856336316,0.75
61,area,0.45978500930302146,0.002672124532365285,0.02624160907708471,0.22898273016587853,0.12537688417595552,0.009322096298943316,0.00910260916333252,0.0002136374460003141,0.0005726988493677868,0.0005721629965966004,1.6773010655641097e-05,0.06403271426867854,0.012274876358478553,0.00018879195188477123,0.0008842967701531988,0.0002061413156337881,0.94
62,prod,0.11028334799049802,0.00039770489667473937,0.02702121789663982,0.528153755019906,0.1612944659705675,0.0042250957603473535,0.0009228846618454435,1.8154774154578346e-05,3.926991891201242e-05,4.746172739255741e-05,9.75044883328531e-07,0.10557942025885117,0.02406393264190728,0.004024014637990949,0.00044441345557469716,0.000856152188606413,0.97
62,water,0.3677010380495129,0.00024057721641351258,0.015853470079361297,0.37585596989006215,0.02845872781982057,0.008489469627746367,0.00572324311920452,8.990312049224212e-05,0.0003955691042746236,0.0007227888280072653,1.2388760702484188e-05,0.07048814120426508,0.011710458040097281,0.00816131091064166,0.0007604206770218931,0.0008618680856336316,0.9
62,area,0.46051639645778714,0.0027415905057087417,0.025204546952717198,0.21992073028349146,0.12027209592201679,0.010888115386940036,0.009181956902210976,0.0002139754799338589,0.0005955161398820603,0.0006057973729843083,1.913924819045593e-05,0.06345373528952575,0.018501503619342396,0.007025135506678308,0.0010987793009873748,0.0002061413156337881,0.94
63,prod,0.11028334799049802,0.00039770489667473937,0.02702121789663982,0.5281537550199062,0.1612944659705675,0.0042250957603473535,0.0009228846618454435,1.8399051179486977e-05,3.926991891201242e-05,4.7461727392557433e-05,9.75044883328531e-07,0.10557942025885117,0.02406393264190728,0.0040240146379909485,0.0005793974359643483,0.000856152188606413,0.97
63,water,0.39928765768787267,0.00047249089486887415,0.014047944955942866,0.37545677300708213,0.027314391932862933,0.008516205548088223,0.00537900180524214,9.2300792620008e-05,0.0003955691042746236,0.0007227888280072656,1.2388760702484188e-05,0.0656157185521988,0.011717469898386061,0.005451260012378307,0.000995734385539846,0.0008618680856336316,0.92
63,area,0.4591178908309201,0.0031293154274846286,0.02219365207038509,0.22590267075203882,0.12046077001600371,0.010991885757740709,0.008995336888190951,0.0002176938532028517,0.0005955161398820603,0.0006057973729843086,1.913924819045593e-05,0.06265116483512563,0.018516611580764456,0.005405601445784692,0.0014359681496983138,0.0002061413156337881,0.94
64,prod,0.11028334799049799,0.0003876984366213819,0.026713616521077604,0.5281537550199062,0.15972520322745565,0.0042250957603473535,0.0009228846618454433,1.9049437020421855e-05,3.8336919894905136e-05,4.3976120867231094e-05,8.671347776637117e-07,0.1022623033025119,0.004419317984252882,0.00018920055005976793,0.000734848549915681,0.000856152188606413,0.94
64,water,0.3811532946622608,0.0002580517895259009,0.023109256974687225,0.2306104887676642,0.037351994443632436,0.009060772958701988,0.008421669273910746,0.00010318695887632011,0.0003697824825894404,0.0006667221741342001,9.01403318919578e-06,0.08845199558237483,0.0016650658850709188,0.0001702387145292852,0.00131296509742628,0.0008618680856336316,0.78
64,area,0.47294017233981195,0.0028294793284303903,0.032697853374821804,0.22148317831504102,0.11842492050955061,0.011901846779961745,0.010155829945582508,0.00022986307481046454,0.0004757827614643071,0.0005629955163188656,1.4366442175654034e-05,0.06314578921649704,0.0031345886657609375,0.0003772458698359977,0.0018904547733492984,0.0002061413156337881,0.94
65,prod,0.10740363341298358,0.00039770489667473937,0.027021217896639818,0.5281537550199061,0.1612944659705675,0.004225095760347354,0.0009228846618454433,1.9049437020421855e-05,3.926991891201243e-05,4.7461727392557406e-05,9.75044883328531e-07,0.10557942025885118,0.018668274905868677,0.00022648734549930754,0.000736775516088267,0.000856152188606413,0.96
65,water,0.37780791025011146,0.000267540245514528,0.02117508693715036,0.21794733062468455,0.03562483030253831,0.009070471189113487,0.006287126113820328,0.00010318695887632011,0.0005434308767640633,0.0007227888280072652,1.2388760702484188e-05,0.0757636343625834,0.016441838640066087,0.0002141228234766857,0.001316760479821731,0.0008618680856336316,0.76
65,area,0.4665092816443594,0.002898945301773847,0.030855518000936163,0.21530373064804853,0.11984959748979988,0.011920298899476725,0.010142793075608777,0.00022986307481046454,0.000757941444950337,0.0006057973729843083,1.913924819045593e-05,0.0630635669789925,0.01597405452797966,0.00042811997683449017,0.0018958633162860152,0.0002061413156337881,0.94
66,prod,0.10237178636014159,0.00039770489667473937,0.027021217896639818,0.5158756127184808,0.16129446597056749,0.004225095760347355,0.0009228846618454433,1.9049437020421855e-05,3.926991891201247e-05,4.746172739255749e-05,1.1539774564971571e-06,0.10557942025885117,0.024063932641907274,0.0040240146379909485,0.0007402027630666522,0.000856152188606413,0.95
66,water,0.5384898075135732,0.00024057721641351258,0.01986127396229518,0.21249522737724552,0.022719424434421345,0.009132867967958477,0.00531139655632317,0.00010318695887632011,0.0005419285378991976,0.0007227888280072665,1.2388760702483308e-05,0.07018986041015521,0.011146264847870702,0.004404044842557254,0.0013231651876140541,0.0008618680856336316,0.9
66,area,0.4634246672623002,0.0027415905057087417,0.029566899916272937,0.21052402052394864,0.12309103432829895,0.012034087321195236,0.008933307661385479,0.00022986307481046454,0.0007562512752826136,0.0006057973729843093,1.91392481904547e-05,0.06253310978941198,0.01910749489660076,0.004766760959514224,0.0019049902324917247,0.0002061413156337881,0.94
67,prod,0.1103389311208015,0.00038769843662138153,0.027021217896639818,0.5055268779509218,0.1612944659705675,0.004225095760347355,0.0009228846618454433,1.9049437020421855e-05,3.775477293859621e-05,4.3976120867231094e-05,8.671347776637117e-07,0.10557942025885117,0.02406393264190727,0.0030025857961840075,0.0007441805718086333,0.000856152188606413,0.94
67,water,0.3919097027651999,0.0002685681615799624,0.019566673308980286,0.22202529406146346,0.059073090995396295,0.009139738460983447,0.007025373706841644,0.00010318695887632011,0.00039195230279687264,0.0006667221741342001,9.01403318919578e-06,0.06949229938077485,0.021505267748476716,0.006449954701098574,0.0013305187410052402,0.0008618680856336316,0.81
67,area,0.47919567820753645,0.0028740998076583015,0.029376689820067952,0.20356611365934604,0.11114718338343482,0.012045229746068104,0.00921269757775632,0.00022986307481046454,0.00045634581028548106,0.0005629955163188656,1.4366442175654034e-05,0.06247573198648542,0.021424582948867982,0.005647486618727501,0.0019154692844316136,0.0002061413156337881,0.94
70,prod,0.11033893112080148,0.00040988607569430064,0.027021217896639818,0.5281537550199061,0.16129446597056757,0.004225095760347355,0.0009228846618454437,1.9049437020421855e-05,3.775477293859621e-05,4.3976120867231094e-05,8.671347776637117e-07,0.10189016841014292,0.013915794826532168,0.00044883171372755515,0.0007441805718086333,0.000856152188606413,0.95
70,water,0.4125190057441756,0.0003793056614354329,0.019318761716595603,0.2331422447620028,0.06566605761525533,0.007138728006935115,0.006439368756103815,0.00010318695887632011,0.00039195230279687264,0.0006667221741342001,9.01403318919578e-06,0.0627178651068702,0.00831197823717809,0.0005740515873119418,0.0013305187410052402,0.0008618680856336316,0.82
70,area,0.48638452033916035,0.0029788945787995536,0.029227237965883824,0.22250582568013236,0.10407788444637397,0.009938743970949755,0.008852535924297224,0.00022986307481046454,0.00045634581028548106,0.0005629955163188656,1.4366442175654034e-05,0.0598295417485461,0.012660553930020196,0.000845084833862002,0.0019154692844316136,0.0002061413156337881,0.94
71,prod,0.11033893112080152,0.00038769843662138153,0.02702121789663981,0.5281537550199061,0.1612944659705675,0.004225095760347355,0.0009228846618454435,1.9049437020421855e-05,3.775477293859621e-05,4.3976120867231094e-05,8.671347776637117e-07,0.1012134446611942,0.012507441920668659,0.0005576915384345757,0.0007441805718086333,0.000856152188606413,0.95
71,water,0.41340454574193436,0.0004097477910656116,0.019318761716595596,0.23386937446667413,0.06456444918707033,0.007138728006935115,0.006439368756103812,0.00010318695887632011,0.00039195230279687264,0.0006667221741342001,9.01403318919578e-06,0.057550901576496755,0.007351576629521734,0.0006942386965012188,0.0013305187410052402,0.0008618680856336316,0.81
71,area,0.4861508148494639,0.0029804157315005053,0.029227237965883814,0.22359037449007443,0.10582798964195118,0.009938743970949751,0.008852535924297222,0.00022986307481046454,0.00045634581028548106,0.0005629955163188656,1.4366442175654034e-05,0.05866371629758766,0.011074160679894446,0.0009694813214064886,0.0019154692844316136,0.0002061413156337881,0.94
72,prod,0.10762714674867022,0.00040988607569430064,0.02702121789663982,0.5281537550199062,0.15438161988519478,0.004018412672046359,0.0007905241082593272,1.9049437020421855e-05,3.775477293859621e-05,4.3976120867231094e-05,8.671347776637117e-07,0.0924286254455118,0.01643563128370572,0.001284639527042654,0.0007441805718086333,0.000856152188606413,0.93
72,water,0.4065680800237709,0.0007797975746220698,0.017833764950567554,0.23352889018773942,0.04669320126655994,0.0064062101311881834,0.004644520135966412,0.00010318695887632011,0.00039195230279687264,0.0006667221741342001,9.01403318919578e-06,0.04852372671443946,0.010606591456420273,0.0018715188732901307,0.0013305187410052402,0.0008618680856336316,0.78
72,area,0.4768140677231511,0.004353340552592714,0.027279944479228296,0.22525509945721617,0.11734428058681151,0.009068774369139915,0.007205531327440973,0.00022986307481046454,0.00045634581028548106,0.0005629955163188656,1.4366442175654034e-05,0.05272230753014871,0.014821604867172107,0.001964146170862065,0.0019154692844316136,0.0002061413156337881,0.94
73,prod,0.11033893112080151,0.00047505882445997787,0.02702121789663982,0.5281537550199061,0.13798781073122987,0.004050992164407153,0.000836743768313212,1.9049437020421855e-05,3.775477293859621e-05,4.3976120867231094e-05,8.671347776637117e-07,0.0973659119369558,0.016549377344064656,0.0032949056944607557,0.0007441805718086333,0.000856152188606413,0.93
73,water,0.4316509109314536,0.0007590854467688064,0.017833764950567554,0.2224558822895703,0.04295544649783735,0.006717194276215438,0.005185994691050733,0.00010318695887632011,0.00039195230279687264,0.0006667221741342001,9.01403318919578e-06,0.05392115583310344,0.010701871368639404,0.005012355946458857,0.0013305187410052402,0.0008618680856336316,0.8
73,area,0.49089614599033254,0.003920688426509661,0.027279944479228296,0.2170416684114079,0.10527673578323957,0.009365399145825478,0.007665426494028675,0.00022986307481046454,0.00045634581028548106,0.0005629955163188656,1.4366442175654034e-05,0.055848107313637485,0.014925043250836816,0.004609937768717221,0.0019154692844316136,0.0002061413156337881,0.94
74,prod,0.10723730401774248,0.00047505882445997787,0.027021217896639815,0.5281537550199061,0.14993087292326504,0.004058424748215699,0.000837996296325393,1.9049437020421855e-05,3.775477293859621e-05,4.3976120867231094e-05,8.671347776637117e-07,0.10019818058146683,0.017038358774402452,0.0035185025907011843,0.0007441805718086333,0.000856152188606413,0.94
74,water,0.4204443358733584,0.0009474493140735046,0.017833764950567547,0.2229899409216934,0.0538339103433305,0.006784878595600978,0.005205604166760563,0.00010318695887632011,0.00039195230279687264,0.0006667221741342001,9.01403318919578e-06,0.05589981518859848,0.011144824122375148,0.005523625583312716,0.0013305187410052402,0.0008618680856336316,0.8
74,area,0.478103995183121,0.004003181731497377,0.02727994447922829,0.21835509277333456,0.11463090593099252,0.009419991626092963,0.007680638021038191,0.00022986307481046454,0.00045634581028548106,0.0005629955163188656,1.4366442175654034e-05,0.05692187210354255,0.015403699300736253,0.005029775914179863,0.0019154692844316136,0.0002061413156337881,0.94
75,prod,0.10684222142967256,0.00047505882445997787,0.027021217896639815,0.5281537550199061,0.15405273742797548,0.004058424748215699,0.0008445479813121854,1.9049437020421855e-05,3.775477293859621e-05,4.3976120867231094e-05,8.671347776637117e-07,0.10019818058146683,0.017604129806717796,0.0037007660625396426,0.0007441805718086333,0.000856152188606413,0.94
75,water,0.4186598296783823,0.0009474493140735046,0.017833764950567547,0.2236868900121312,0.055057146726735326,0.006784878595600978,0.005294242159787655,0.00010318695887632011,0.00039195230279687264,0.0006667221741342001,9.01403318919578e-06,0.05589981518859848,0.011605963083422426,0.00582290729928733,0.0013305187410052402,0.0008618680856336316,0.8
75,area,0.47581888579235815,0.004003181731497377,0.02727994447922829,0.2190546388590091,0.11541363864391194,0.009419991626092963,0.007745540536278793,0.00022986307481046454,0.00045634581028548106,0.0005629955163188656,1.4366442175654034e-05,0.05692187210354255,0.015895876707977485,0.005275526583866933,0.0019154692844316136,0.0002061413156337881,0.94
76,prod,0.10458993943219225,0.0003876984366213814,0.027021217896639815,0.5281537550199061,0.16040997415947528,0.004058424748215699,0.0008718420807424575,1.9049437020421855e-05,3.775477293859621e-05,4.3976120867231094e-05,8.671347776637117e-07,0.10019818058146683,0.020158227120171946,0.0038193295383300426,0.0007441805718086333,0.000856152188606413,0.95
76,water,0.4069351140988582,0.0006374930851116848,0.017833764950567547,0.22554008630782743,0.05904180855105593,0.006784878595600978,0.005769218452485015,0.00010318695887632011,0.00039195230279687264,0.0006667221741342001,9.01403318919578e-06,0.05589981518859848,0.013801908081057032,0.006064704786064178,0.0013305187410052402,0.0008618680856336316,0.8
76,area,0.4655793308943858,0.003016967730380421,0.02727994447922829,0.22087952809477654,0.12262912892686664,0.009419991626092963,0.007968473915451588,0.00022986307481046454,0.00045634581028548106,0.0005629955163188656,1.4366442175654034e-05,0.05692187210354255,0.018137717755246602,0.005467867892053925,0.0019154692844316136,0.0002061413156337881,0.94
77,prod,0.10452262967553919,0.0003876984366213814,0.027021217896639815,0.5281537550199061,0.1608293396321584,0.004058424748215699,0.0008842434844674576,1.9049437020421855e-05,3.775477293859621e-05,4.3976120867231094e-05,8.671347776637117e-07,0.10019818058146683,0.020314077391401886,0.0038523081879694434,0.0007441805718086333,0.000856152188606413,0.95
77,water,0.4066787533502924,0.0006374930851116848,0.017833764950567547,0.22592152264784648,0.05924078180970713,0.006784878595600978,0.006045332521754064,0.00010318695887632011,0.00039195230279687264,0.0006667221741342001,9.01403318919578e-06,0.05589981518859848,0.013943523286687293,0.006121635521995941,0.0013305187410052402,0.0008618680856336316,0.8
77,area,0.4652701988621591,0.003016967730380421,0.02727994447922829,0.22118813521487124,0.1229514621437333,0.009419991626092963,0.008092363352095759,0.00022986307481046454,0.00045634581028548106,0.0005629955163188656,1.4366442175654034e-05,0.05692187210354255,0.018278170854634467,0.005512657388248611,0.0019154692844316136,0.0002061413156337881,0.94
80,prod,0.11075899264326744,0.0003914507903211699,0.027287804444707554,0.5332795486288687,0.16300930064755445,0.004266763513380269,0.0009319737483602085,1.5457021512957907e-05,3.964870540536661e-05,4.8333129023888835e-05,1.002022409744647e-06,0.08291968228606075,0.02441348939831069,0.004063489916440782,7.000392824123235e-05,0.000856152188606413,0.95
80,water,0.4121661954977463,0.00024295121326629014,0.016574176098801206,0.25371786113322836,0.009023534170026569,0.008040373472523782,0.006033689820310057,7.567043650930141e-05,0.00030989168164217035,0.0006993102762271374,1.095916666686335e-05,0.08590953616827075,0.009897415106783719,0.0044844338034106535,0.00010595442520633636,0.0008618680856336316,0.81
80,area,0.4747870668136951,0.002733534521150245,0.025990538800423683,0.2415132433164426,0.09509920264859323,0.015694118801828163,0.009172480840253776,0.00018017208657937882,0.00047941817844654894,0.0005791450874939666,1.720709285168257e-05,0.052169941440643235,0.017016724462673986,0.004646837277654706,0.00015938299966637356,0.0002061413156337881,0.94
81,prod,0.10895723860510112,0.0003914507903211699,0.027287804444707554,0.5332795486288686,0.16300930064755445,0.004266763513380268,0.000931973748360209,1.8113482022308645e-05,4.562230054038314e-05,4.8333129023888984e-05,1.0020224097447234e-06,0.10692473017819724,0.011412887129761956,8.693370247180957e-05,0.00035875980920324835,0.000856152188606413,0.96
81,water,0.3657051745052901,0.00023330461634451922,0.016673151225432746,0.23113577172653918,0.031706516341192904,0.008224163704847428,0.006013247294759024,8.974497955909833e-05,0.000380817890157157,0.0007037224082618515,1.0959166666864229e-05,0.08597172160844128,0.014000981595173559,5.527025613375307e-05,0.0006107402838013,0.0008618680856336316,0.76
81,area,0.45978500930302146,0.0026965198054270893,0.026491147680501734,0.23058585514260882,0.12663762113618426,0.009413143389279595,0.009191805206577053,0.0002136374460003141,0.0005772790022077669,0.0005828634607629612,1.72070928516838e-05,0.0648844309883594,0.008089405992576596,0.00018879195188477123,0.0008842967701531988,0.0002061413156337881,0.94
82,prod,0.11136788267883158,0.00040145725037452735,0.027287804444707554,0.5332795486288686,0.16300930064755445,0.004266763513380268,0.000931973748360209,1.8154774154578346e-05,4.562230054038309e-05,4.833312902388904e-05,1.0020224097447999e-06,0.10692473017819727,0.024413489398310693,0.004063489916440782,0.00044441345557469716,0.000856152188606413,0.98
82,water,0.37142067144473534,0.00024279307233314635,0.015227518784286957,0.37761582582270814,0.03493675777654835,0.008569772086104634,0.005786072747193517,8.990312049224212e-05,0.0003985296746692606,0.0007368054914755322,1.2698716931446748e-05,0.07195883060924277,0.015288106355010432,0.009145725774076085,0.0007604206770218931,0.0008618680856336316,0.91
82,area,0.46483049922486835,0.0027659857787705458,0.024221969809753267,0.21351617044326032,0.1214424296972178,0.010979162477276315,0.009271152945455507,0.0002139754799338589,0.0006000962927220403,0.0006164978371506696,1.9573330386498637e-05,0.0643054520092066,0.018702296455173194,0.007654973286234397,0.0010987793009873748,0.0002061413156337881,0.94
83,prod,0.11116252078769852,0.00040145725037452735,0.027287804444707558,0.5215828795243723,0.16300930064755445,0.004266763513380268,0.000931973748360209,1.8399051179486977e-05,3.964870540536649e-05,4.833312902388901e-05,1.180954982913426e-06,0.10692473017819724,0.024413489398310693,0.004063489916440782,0.0005793974359643483,0.000856152188606413,0.97
83,water,0.3684719497439905,0.00026825376256929583,0.01306664920795743,0.3728423484485218,0.028128016959132068,0.00857627121252217,0.005441831433231141,9.2300792620008e-05,0.0003985296746692612,0.0007368054914755319,1.269871693144587e-05,0.06708640795717648,0.01185918704656307,0.007265710049340292,0.000995734385539846,0.0008618680856336316,0.89
83,area,0.4610515806743582,0.0029153967773973477,0.020830093457020537,0.22188351912584445,0.12177882840142867,0.010991235981669813,0.009084532931435484,0.0002176938532028517,0.0006000962927220413,0.0006164978371506692,1.9573330386497407e-05,0.06350288155480649,0.018759808667866397,0.0065513073334089724,0.0014359681496983138,0.0002061413156337881,0.94
84,prod,0.11136788267883155,0.0003914507903211699,0.027287804444707558,0.5332795486288686,0.1630093006475545,0.004266763513380268,0.0009319737483602092,1.9049437020421855e-05,3.8336919894905136e-05,4.3976120867231094e-05,8.671347776637117e-07,0.09931407270802099,0.004419317984252882,0.00018920055005976793,0.000734848549915681,0.000856152188606413,0.95
84,water,0.385152789727809,0.00026026764544553465,0.023742663911113213,0.23125627721020106,0.05728304122941086,0.009141075417060255,0.008544653092433175,0.00010318695887632011,0.0003697824825894404,0.0006667221741342001,9.01403318919578e-06,0.08522899734501971,0.0016650658850709188,0.0001702387145292852,0.00131296509742628,0.0008618680856336316,0.81
84,area,0.4775788532263594,0.002853874601492194,0.03346625806007265,0.22426260653667057,0.11187665113476825,0.011992893870298024,0.010268670165750535,0.00022986307481046454,0.0004757827614643071,0.0005629955163188656,1.4366442175654034e-05,0.061279262214285465,0.0031345886657609375,0.0003772458698359977,0.0018904547733492984,0.0002061413156337881,0.94
85,prod,0.10740363341298358,0.00039513647561937264,0.027287804444707558,0.5332795486288687,0.16300930064755442,0.004266763513380268,0.000931973748360209,1.9049437020421855e-05,3.9648705405366474e-05,4.3976120867231094e-05,8.671347776637117e-07,0.10692473017819729,0.015059471356997426,0.00022648734549930754,0.000736775516088267,0.000856152188606413,0.96
85,water,0.37780791025011146,0.0002697561014341618,0.021469167954452962,0.2205633188293161,0.037594443327612574,0.009150773647471756,0.005740702515428202,0.00010318695887632011,0.00040786153573715866,0.0006667221741342001,9.01403318919578e-06,0.07723432376756108,0.013231747339429618,0.0002141228234766857,0.001316760479821731,0.0008618680856336316,0.77
85,area,0.4665092816443594,0.0028794610441814266,0.03121227637938669,0.2174493490057857,0.12110138822794252,0.012011345989813004,0.00882685251942646,0.00022986307481046454,0.00048771808539854777,0.0005629955163188656,1.4366442175654034e-05,0.06391528369867334,0.012930346079638964,0.00042811997683449017,0.0018958633162860152,0.0002061413156337881,0.94
86,prod,0.11142346580913505,0.0003914507903211705,0.027287804444707554,0.5130888503058386,0.16300930064755448,0.0042667635133802695,0.0009319737483602092,1.9049437020421855e-05,3.775477293859621e-05,4.3976120867231094e-05,8.671347776637117e-07,0.10692473017819726,0.0228633415645958,0.000521069876705251,0.0007402027630666522,0.000856152188606413,0.95
86,water,0.395502465843596,0.0002697561014341622,0.020155354979597785,0.21982642654221052,0.06454745317003836,0.009213170426316745,0.007161921051018341,0.00010318695887632011,0.00039195230279687264,0.0006667221741342001,9.01403318919578e-06,0.07166054981513285,0.02146386474898946,0.0004413851457189093,0.0013231651876140541,0.0008618680856336316,0.81
86,area,0.48404571279560216,0.0029233405748356543,0.029923658294723467,0.20621784031162665,0.10785139921011594,0.012125134411531516,0.009328710008928813,0.00022986307481046454,0.00045634581028548106,0.0005629955163188656,1.4366442175654034e-05,0.06338482650909284,0.020558776796645938,0.000926551011846299,0.0019049902324917247,0.0002061413156337881,0.94
87,prod,0.11142346580913505,0.00039145079032117027,0.027287804444707558,0.5332795486288687,0.16300930064755445,0.004266763513380268,0.000931973748360209,1.9049437020421855e-05,3.775477293859621e-05,4.3976120867231094e-05,8.671347776637117e-07,0.10692473017819729,0.024413489398310693,0.0015925290635281867,0.0007441805718086333,0.000856152188606413,0.98
87,water,0.3964343997430731,0.0002802724734882238,0.019860754326282887,0.2219268549279989,0.0729208238431841,0.009220040919341714,0.007148357525364071,0.00010318695887632011,0.00039195230279687264,0.0006667221741342001,9.01403318919578e-06,0.07096298878575256,0.021891609047642525,0.0027999551689742333,0.0013305187410052402,0.0008618680856336316,0.83
87,area,0.4841668468504743,0.002967961054063567,0.029733448198518482,0.21272280710061886,0.09819433300569907,0.012136276836404381,0.009325537797924346,0.00022986307481046454,0.00045634581028548106,0.0005629955163188656,1.4366442175654034e-05,0.06332744870616629,0.02174183444433533,0.00295897687880488,0.0019154692844316136,0.0002061413156337881,0.94
88,prod,0.11142346580913506,0.00041363842939408867,0.027287804444707558,0.5332795486288686,0.1630093006475545,0.004266763513380267,0.000931973748360209,1.9049437020421855e-05,3.775477293859621e-05,4.3976120867231094e-05,8.671347776637117e-07,0.10692473017819729,0.02441348939831069,0.0014477282968708306,0.0007441805718086333,0.000856152188606413,0.98
88,water,0.4080919165254303,0.0003933801392276228,0.0197783050833017,0.2371599643617084,0.08829730306347347,0.009322449078324743,0.007153757842188452,0.00010318695887632011,0.00039195230279687264,0.0006667221741342001,9.01403318919578e-06,0.07094338736215482,0.02175312935566635,0.002149332575653521,0.0013305187410052402,0.0008618680856336316,0.87
88,area,0.4919621788685834,0.003049564320273534,0.02974665940763016,0.22117344737350272,0.08210929755449561,0.012332515228773645,0.009332887009504335,0.00022986307481046454,0.00045634581028548106,0.0005629955163188656,1.4366442175654034e-05,0.0633285450182636,0.021729596949536738,0.0025107791424457413,0.0019154692844316136,0.0002061413156337881,0.94
90,prod,0.11142346580913504,0.00039145079032116957,0.027287804444707558,0.5332795486288686,0.16300930064755445,0.004266763513380269,0.000931973748360209,1.9049437020421855e-05,3.775477293859621e-05,4.3976120867231094e-05,8.671347776637117e-07,0.09567265227440727,0.012179334637653617,0.00044883171372755515,0.0007441805718086333,0.000856152188606413,0.95
90,water,0.41778097173989226,0.0003775660459132442,0.019612842733898208,0.23534307488356448,0.06910876899418512,0.007219030465293383,0.006562352574626237,0.00010318695887632011,0.00039195230279687264,0.0006667221741342001,9.01403318919578e-06,0.05375950906559992,0.007139035215376486,0.0005740515873119418,0.0013305187410052402,0.0008618680856336316,0.82
90,area,0.4914579094632902,0.002937168037369888,0.02958399634433435,0.22424731156017083,0.10259365533086241,0.01002979106128603,0.008965376144465244,0.00022986307481046454,0.00045634581028548106,0.0005629955163188656,1.4366442175654034e-05,0.05578727513806143,0.010827902959307058,0.000845084833862002,0.0019154692844316136,0.0002061413156337881,0.94
91,prod,0.11142346580913508,0.00039145079032116957,0.027287804444707554,0.5332795486288686,0.16300930064755445,0.004266763513380269,0.000931973748360209,1.9049437020421855e-05,3.775477293859621e-05,4.3976120867231094e-05,8.671347776637117e-07,0.09148390527428073,0.012507441920668659,0.0006868087972531613,0.0007441805718086333,0.000856152188606413,0.95
91,water,0.41866651173765107,0.00041330589680373976,0.0196128427338982,0.23607020458823583,0.06800716056600017,0.007219030465293381,0.0065623525746262385,0.00010318695887632011,0.00039195230279687264,0.0006667221741342001,9.01403318919578e-06,0.04691459369986877,0.007351576629521734,0.0012055083333550778,0.0013305187410052402,0.0008618680856336316,0.82
91,area,0.49122420397359384,0.003006464993746572,0.029583996344334347,0.22533186037011294,0.10434376052643964,0.010029791061286028,0.008965376144465246,0.00022986307481046454,0.00045634581028548106,0.0005629955163188656,1.4366442175654034e-05,0.052503937609078774,0.011074160679894446,0.0012119191700576883,0.0019154692844316136,0.0002061413156337881,0.94
92,prod,0.10762714674867022,0.00041363842939408867,0.02728780444470756,0.5332795486288687,0.1518874103187732,0.004018412672046359,0.0007905241082593272,1.9049437020421855e-05,3.775477293859621e-05,4.3976120867231094e-05,8.671347776637117e-07,0.0924286254455118,0.01643563128370572,0.001284639527042654,0.0007441805718086333,0.000856152188606413,0.94
92,water,0.4065680800237709,0.0007833556803601981,0.017970800562356188,0.23572972030930103,0.04550979195531009,0.0064062101311881834,0.004644520135966412,0.00010318695887632011,0.00039195230279687264,0.0006667221741342001,9.01403318919578e-06,0.04852372671443946,0.010606591456420273,0.0018715188732901307,0.0013305187410052402,0.0008618680856336316,0.78
92,area,0.4768140677231511,0.004379389814838781,0.02742951182976568,0.22699658533725459,0.11542717809398963,0.009068774369139915,0.007205531327440973,0.00022986307481046454,0.00045634581028548106,0.0005629955163188656,1.4366442175654034e-05,0.05272230753014871,0.014821604867172107,0.001964146170862065,0.0019154692844316136,0.0002061413156337881,0.94
93,prod,0.11062463160648436,0.0004788111781597668,0.027287804444707554,0.5318589345439849,0.13425718166705283,0.004050992164407153,0.000836743768313212,1.9049437020421855e-05,3.775477293859621e-05,4.3976120867231094e-05,8.671347776637117e-07,0.0973659119369558,0.016549377344064656,0.0032949056944607557,0.0007441805718086333,0.000856152188606413,0.93
93,water,0.43320266916906414,0.0009546543969579251,0.017970800562356188,0.22405028031229127,0.041185402299947244,0.006717194276215438,0.005185994691050733,0.00010318695887632011,0.00039195230279687264,0.0006667221741342001,9.01403318919578e-06,0.05392115583310344,0.010701871368639404,0.005012355946458857,0.0013305187410052402,0.0008618680856336316,0.8
93,area,0.492241572512156,0.004030828174786275,0.027429511829765673,0.2183039755924624,0.10240929498154762,0.009365399145825478,0.007665426494028675,0.00022986307481046454,0.00045634581028548106,0.0005629955163188656,1.4366442175654034e-05,0.055848107313637485,0.014925043250836816,0.004609937768717221,0.0019154692844316136,0.0002061413156337881,0.94
94,prod,0.10723730401774248,0.0004788111781597668,0.027287804444707554,0.5332795486288685,0.14742833221169935,0.004058424748215699,0.000837996296325393,1.9049437020421855e-05,3.775477293859621e-05,4.3976120867231094e-05,8.671347776637117e-07,0.10019818058146683,0.017038358774402452,0.0035185025907011843,0.0007441805718086333,0.000856152188606413,0.94
94,water,0.4204443358733584,0.0009546543969579251,0.017970800562356188,0.22519565191137547,0.052646548214775435,0.006784878595600978,0.005205604166760563,0.00010318695887632011,0.00039195230279687264,0.0006667221741342001,9.01403318919578e-06,0.05589981518859848,0.011144824122375148,0.005523625583312716,0.0013305187410052402,0.0008618680856336316,0.81
94,area,0.478103995183121,0.004030828174786275,0.027429511829765673,0.2201013849675853,0.1127073999429155,0.009419991626092963,0.007680638021038191,0.00022986307481046454,0.00045634581028548106,0.0005629955163188656,1.4366442175654034e-05,0.05692187210354255,0.015403699300736253,0.005029775914179863,0.0019154692844316136,0.0002061413156337881,0.94
95,prod,0.10684222142967256,0.0004788111781597668,0.027287804444707554,0.5332795486288686,0.15155019671640974,0.004058424748215699,0.0008445479813121854,1.9049437020421855e-05,3.775477293859621e-05,4.3976120867231094e-05,8.671347776637117e-07,0.10019818058146683,0.017604129806717796,0.0037007660625396426,0.0007441805718086333,0.000856152188606413,0.95
95,water,0.4186598296783823,0.0009546543969579251,0.017970800562356188,0.22589260100181327,0.05386978459818026,0.006784878595600978,0.005294242159787655,0.00010318695887632011,0.00039195230279687264,0.0006667221741342001,9.01403318919578e-06,0.05589981518859848,0.011605963083422426,0.00582290729928733,0.0013305187410052402,0.0008618680856336316,0.81
95,area,0.47581888579235815,0.004030828174786275,0.027429511829765673,0.22080093105325985,0.11349013265583491,0.009419991626092963,0.007745540536278793,0.00022986307481046454,0.00045634581028548106,0.0005629955163188656,1.4366442175654034e-05,0.05692187210354255,0.015895876707977485,0.005275526583866933,0.0019154692844316136,0.0002061413156337881,0.94
