sol_index,Crop_Name,Water,Area,Production
Orginal,Wheat,5367107000.0,2856050.0,7879443.0
Orginal,Barley,15098000.0,20603.0,27262.0
Orginal,Forestation Alfalfa,225658000.0,164037.0,1936833.0
Orginal,Sustains Alfalfa,4765143000.0,1329993.0,37233187.0
Orginal,vegetables,997483000.0,735440.1204323738,12454124.650643785
Orginal,Medical and Aromatic plants,86172000.0,58733.0,302729.0
Orginal,fully grown Beans,78122000.0,49777.0,66035.0
Orginal,lentils,1485000.0,1561.0,1585.0
Orginal,Fenugreek,4960000.0,2711.0,2752.0
Orginal,chickpeas,13789000.0,5600.0,6331.0
Orginal,Lupine,147000.0,245.0,196.0
Orginal,sugar Beet,740683000.0,470998.0,9774089.0
Orginal,Fully grown Onions,240018000.0,163687.0,2539637.0
Orginal,Garlic,79471000.0,41433.0,286800.0
Orginal,Lfax,19539000.0,13438.0,66266.0
Orginal,Others,10984000.0,1380.648651672821,63812.08123531387
Orginal,X,0,0,0
3,Wheat,5419795825.306242,2695939.352041624,7776039.020685349
3,Barley,6013495.868263477,18300.791826347326,28076.62000000004
3,Forestation Alfalfa,206974733.87688604,151590.64899923597,1905069.3300000005
3,Sustains Alfalfa,4878917494.888169,1383350.8548493607,37254775.61999999
3,vegetables,259601259.4897464,691965.702794599,11344773.44882866
3,Medical and Aromatic plants,104401323.7430868,62875.62617683923,297884.29000000004
3,fully grown Beans,65644141.8181818,51638.29954545453,65069.34999999998
3,lentils,1167323.2323232323,1288.0,1336.7474747474748
3,Fenugreek,4890414.965986373,3442.114081632637,3204.5199999999836
3,chickpeas,8609267.999999993,3394.3099999999977,3258.3099999999977
3,Lupine,144919.9999999944,105.53379310344462,64.95999999999721
3,sugar Beet,774039322.0219326,355562.0232908855,7377445.889999999
3,Fully grown Onions,142813352.99302638,105238.07555611126,1672129.3700000003
3,Garlic,60453353.26842837,29798.634214186368,283753.0
3,Lfax,12593000.0,8496.0,42095.0
3,Others,10900000.0,1219.648651672821,62202.08123531387
5,Wheat,4763060704.116314,2752191.2073658723,7780077.305504872
5,Barley,4106495.868263477,18655.791826347326,28076.62000000004
5,Forestation Alfalfa,256642521.0959366,176226.34836237258,1905069.3300000003
5,Sustains Alfalfa,4746671546.672061,1282916.3333150784,37254775.62
5,vegetables,401537566.104324,687631.0292525971,11344773.448828664
5,Medical and Aromatic plants,111667025.58926511,68911.17413171925,297884.29
5,fully grown Beans,77984141.81818181,58607.68152300499,65069.35000000001
5,lentils,1305000.0,1360.0,1384.0
5,Fenugreek,7706414.965986412,4765.114081632666,2770.520000000013
5,chickpeas,8609267.999999993,3394.3099999999977,3258.3099999999977
5,Lupine,149919.9999999944,108.53379310344462,77.95999999999721
5,sugar Beet,872949520.0936633,356696.1538693736,7377445.890000003
5,Fully grown Onions,135523687.2413501,97931.51206904187,1672129.3700000003
5,Garlic,109100666.54355186,43405.159556786704,283753.0
5,Lfax,17000730.812617846,11450.618022449551,54671.70750593825
5,Others,10900000.0,1219.648651672821,62202.08123531387
6,Wheat,7974205398.461252,2865782.5664856774,7437624.12351325
6,Barley,2958495.868263477,15787.791826347326,28076.62000000004
6,Forestation Alfalfa,240026798.0350308,168602.1547132315,1905069.33
6,Sustains Alfalfa,2475349290.293944,1175340.2613845454,37254775.62
6,vegetables,252044755.02516383,705093.72708561,11344773.448828664
6,Medical and Aromatic plants,112456154.34428838,69584.41081257709,297884.29
6,fully grown Beans,64789141.81818182,51271.299545454545,65069.35
6,lentils,1305000.0,1360.0,1384.0
6,Fenugreek,6741414.965986392,4393.1140816326515,2770.5199999999986
6,chickpeas,8609267.999999993,3394.3099999999977,3258.3099999999977
6,Lupine,144919.9999999944,105.53379310344462,64.95999999999721
6,sugar Beet,831888251.669989,354863.5428485486,7377445.890000001
6,Fully grown Onions,135589352.99302635,108734.07555611123,1672129.3699999999
6,Garlic,54044152.35807309,27402.179036540652,283753.0
6,Lfax,16734000.0,11271.0,53778.0
6,Others,10900000.0,1219.648651672821,62202.08123531387
7,Wheat,6975903416.00337,2865454.9344194876,7344499.323623849
7,Barley,2958495.868263477,15787.791826347326,28076.62000000004
7,Forestation Alfalfa,236300999.18639195,167476.7641690909,1905069.3300000003
7,Sustains Alfalfa,2475677389.866128,1175506.2530465412,37254775.62
7,vegetables,246352323.26074368,705777.8390514299,11344773.44882866
7,Medical and Aromatic plants,112543045.1054391,69650.3357021645,297884.29000000004
7,fully grown Beans,64789141.81818184,51271.29954545456,65069.35000000002
7,lentils,1305000.0,1360.0,1384.0
7,Fenugreek,6741414.965986373,4393.114081632637,3204.5199999999836
7,chickpeas,8609267.999999993,3394.3099999999977,3258.3099999999977
7,Lupine,144919.9999999944,105.53379310344462,64.95999999999721
7,sugar Beet,823066234.3021502,354524.06330384803,7377445.890000001
7,Fully grown Onions,135589352.99302638,108734.07555611125,1672129.37
7,Garlic,55308565.305348344,28216.65267416867,283753.0
7,Lfax,16827000.0,11333.0,54067.0
7,Others,10900000.0,1219.648651672821,62202.08123531387
9,Wheat,4934566211.914513,2786727.394283873,7780077.305504871
9,Barley,6926061.072902338,22020.459174690506,28961.619999999995
9,Forestation Alfalfa,233165674.41681725,166592.5224444989,1905069.33
9,Sustains Alfalfa,4961035376.234829,1337971.6361966445,37254775.61999999
9,vegetables,801196521.5573096,590741.6842986102,11344773.448828662
9,Medical and Aromatic plants,113666175.5315721,70767.49294562929,297884.2900000001
9,fully grown Beans,77428502.06611568,50615.359366391174,65069.34999999999
9,lentils,1305000.0,1360.0,1384.0
9,Fenugreek,4957000.0,2700.0,2743.0
9,chickpeas,8432000.0,3331.0,3195.0
9,Lupine,114000.0,85.0,63.0
9,sugar Beet,820636782.205883,354371.0127029431,7377445.890000001
9,Fully grown Onions,241746002.38201404,122247.76863698622,1672129.37
9,Garlic,107219176.97753157,43396.63711911358,283753.0
9,Lfax,16827000.0,11333.0,54067.0
9,Others,10900000.0,1219.648651672821,62202.08123531387
14,Wheat,5306897808.21426,2824499.287307454,7780077.305504872
14,Barley,10127760.021890251,19890.74181675386,27349.620000000054
14,Forestation Alfalfa,225528433.78207502,161330.81048922925,1905069.3300000003
14,Sustains Alfalfa,2736455434.418306,1260916.1095499143,37254775.62
14,vegetables,730483047.0931288,713254.0180060291,11457941.00341729
14,Medical and Aromatic plants,85808000.0,55734.0,294857.0
14,fully grown Beans,69574464.14472346,48877.649438075685,65069.35
14,lentils,1305000.0,1360.0,1384.0
14,Fenugreek,4957000.0,2700.0,2743.0
14,chickpeas,8432000.0,3331.0,3195.0
14,Lupine,114000.0,85.0,63.0
14,sugar Beet,706962000.0,336782.0,7279705.0
14,Fully grown Onions,146624156.5848108,94558.35056192431,1282097.6001859033
14,Garlic,69857000.0,29759.0,255630.0
14,Lfax,16827000.0,11333.0,54067.0
14,Others,10900000.0,1219.648651672821,62202.08123531387
15,Wheat,5294768676.971528,2815213.731962778,7762414.9364699805
15,Barley,11394974.356164385,20150.372000000003,27349.620000000006
15,Forestation Alfalfa,220343433.78207496,158748.81048922922,1905069.3299999996
15,Sustains Alfalfa,2745269712.626771,1265055.019974313,37254775.62
15,vegetables,728780926.2062002,711964.0327430598,11437332.018285515
15,Medical and Aromatic plants,85808000.0,55734.0,294857.0
15,fully grown Beans,70271338.495536,48877.15722832531,65069.35
15,lentils,1305000.0,1360.0,1384.0
15,Fenugreek,4957000.0,2700.0,2743.0
15,chickpeas,8432000.0,3331.0,3195.0
15,Lupine,114000.0,85.0,63.0
15,sugar Beet,706962000.0,336782.0,7279705.0
15,Fully grown Onions,161068507.47553128,101863.84277167468,1383768.9846833332
15,Garlic,73642000.0,31213.0,268872.0
15,Lfax,16827000.0,11333.0,54067.0
15,Others,10900000.0,1219.648651672821,62202.08123531387
20,Wheat,5074503241.003524,2740204.820119378,7854833.790685349
20,Barley,2988519.680638722,15740.128063872253,27622.239999999994
20,Forestation Alfalfa,203580260.2809757,149345.49750951093,1924437.6600000001
20,Sustains Alfalfa,3112101057.3330746,1393716.1642469515,37627180.24000001
20,vegetables,111238131.43347602,555290.0161193464,11469361.445335101
20,Medical and Aromatic plants,179555959.06380135,164357.71856379363,300911.5800000001
20,fully grown Beans,73923946.44628102,52686.383388429764,65729.70000000001
20,lentils,957000.0,1066.0,1123.0
20,Fenugreek,3806857.1428571297,2755.2128571428475,2798.0399999999904
20,chickpeas,8312335.999999987,3236.6199999999953,3321.6199999999953
20,Lupine,126840.00000001489,94.102068965527,66.92000000000745
20,sugar Beet,1153598482.8392415,360493.76677071344,7157414.989302429
20,Fully grown Onions,119795216.50653557,96363.8947757271,1697525.7400000005
20,Garlic,55060827.2853711,26692.64268554811,286621.0
20,Lfax,1340000.0,943.0,5086.0
20,Others,10900000.0,1219.648651672821,62202.08123531387
21,Wheat,4583098536.934438,2697561.6221034247,7854833.790685347
21,Barley,2866519.680638722,15521.128063872253,27622.239999999994
21,Forestation Alfalfa,204831993.46180308,152307.38287308023,1924437.6600000001
21,Sustains Alfalfa,5132669307.63034,1394145.836207055,37627180.239999995
21,vegetables,281114874.8216525,678093.9610383487,11469361.445335098
21,Medical and Aromatic plants,100963819.69004896,54077.42366231649,300911.5800000001
21,fully grown Beans,74520410.90909092,53167.7172727273,65729.70000000001
21,lentils,1135000.0,1264.0,1316.0
21,Fenugreek,4703857.14285713,3334.2128571428475,3232.0399999999904
21,chickpeas,8368135.999999987,3258.6199999999953,3321.6199999999953
21,Lupine,126839.99999999268,94.10206896551244,66.91999999999634
21,sugar Beet,1031480613.8060691,368775.28936636244,7475186.779999998
21,Fully grown Onions,144392025.02134508,106466.89734833423,1697525.7400000005
21,Garlic,61035729.54861549,29685.77430775066,286621.00000000006
21,Lfax,7724000.0,5232.0,26065.0
21,Others,10900000.0,1219.648651672821,62202.08123531387
22,Wheat,4359755038.5826845,2567030.247180247,7525771.639207322
22,Barley,2986519.680638722,15932.128063872253,28349.239999999994
22,Forestation Alfalfa,211102993.46180308,155854.7821237024,1924437.6600000001
22,Sustains Alfalfa,5164457632.554918,1493546.7687691734,37627180.239999995
22,vegetables,306540619.62761635,697580.0181137266,11469361.445335098
22,Medical and Aromatic plants,105334710.57056463,63342.8785920901,300911.5800000001
22,fully grown Beans,70792346.44628099,53270.18338842975,65729.7
22,lentils,1137000.0,1266.0,1319.0
22,Fenugreek,4927857.14285713,3469.2128571428475,3232.0399999999904
22,chickpeas,8786535.999999987,3457.6199999999953,3321.6199999999953
22,Lupine,148839.99999999267,108.10206896551244,79.91999999999634
22,sugar Beet,854260324.0224284,365349.72215728776,7475186.779999999
22,Fully grown Onions,144516963.65486252,106587.57986940918,1697525.74
22,Garlic,61029973.44797066,29689.723985333163,286621.0
22,Lfax,9617000.0,6501.0,32288.0
22,Others,10900000.0,1219.648651672821,62202.08123531387
23,Wheat,4955685831.715051,2683637.6284738574,7854833.790685348
23,Barley,5919519.680638722,18226.128063872253,28349.239999999994
23,Forestation Alfalfa,193496361.02349964,142937.16670969123,1924437.6600000001
23,Sustains Alfalfa,4901174299.59598,1389551.9488661436,37627180.24
23,vegetables,288044358.83011055,698890.0595473564,11469361.4453351
23,Medical and Aromatic plants,105416904.67791352,63414.31227489756,300911.5800000001
23,fully grown Beans,66438744.79338842,52166.033801652884,65729.69999999998
23,lentils,1167323.2323232323,1288.0,1336.7474747474748
23,Fenugreek,4927857.14285713,3469.2128571428475,3232.0399999999904
23,chickpeas,8786535.999999987,3457.6199999999953,3321.6199999999953
23,Lupine,148839.99999999267,108.10206896551244,79.91999999999634
23,sugar Beet,792639052.9801465,360601.2612795058,7475186.779999998
23,Fully grown Onions,144605642.2550122,106676.96711679958,1697525.7400000005
23,Garlic,61004543.052218966,30065.526109495506,286620.9999999999
23,Lfax,12593000.0,8496.0,42095.0
23,Others,10900000.0,1219.648651672821,62202.08123531387
25,Wheat,4778116617.113916,2760132.8467370057,7803203.23819614
25,Barley,4134519.680638722,18800.128063872253,28349.239999999994
25,Forestation Alfalfa,260361748.13546872,178337.1327721469,1924437.6600000004
25,Sustains Alfalfa,4779755810.848661,1249139.3940958965,37627180.24
25,vegetables,426447157.64294785,695037.3314839484,11469361.4453351
25,Medical and Aromatic plants,112682606.52409187,69449.86022977761,300911.5800000002
25,fully grown Beans,78778744.79338844,58999.93988712079,65729.70000000001
25,lentils,1305000.0,1360.0,1384.0
25,Fenugreek,7743857.14285714,4792.212857142855,2798.0399999999977
25,chickpeas,8786536.000000007,3457.6200000000026,3321.6200000000026
25,Lupine,153840.00000000378,111.10206896551972,79.92000000000189
25,sugar Beet,920979206.3945427,363041.26568700536,7475186.779999999
25,Fully grown Onions,185273626.81244165,106162.3379869241,1697525.7400000002
25,Garlic,110242217.05140044,43843.70138504155,286621.0
25,Lfax,17202381.10290814,11586.093914532112,55334.36750593825
25,Others,10900000.0,1219.648651672821,62202.08123531387
27,Wheat,7552850221.332211,2840685.5049300822,7344499.323623849
27,Barley,2986519.680638722,15932.128063872253,28349.239999999994
27,Forestation Alfalfa,240020226.22592407,169587.54857886521,1924437.6600000004
27,Sustains Alfalfa,2491567307.714734,1182536.8719361278,37497172.45088145
27,vegetables,261193014.8464364,713357.110153703,11469361.445335098
27,Medical and Aromatic plants,113558626.04026583,70189.02180022284,300911.58000000013
27,fully grown Beans,65583744.79338844,51799.0338016529,65729.70000000001
27,lentils,1305000.0,1360.0,1384.0
27,Fenugreek,6778857.14285717,4420.212857142877,2798.04000000002
27,chickpeas,8786535.999999987,3457.6199999999953,3321.6199999999953
27,Lupine,148840.0000000149,108.102068965527,79.92000000000745
27,sugar Beet,841665965.260364,359563.3012924682,7475186.779999999
27,Fully grown Onions,137381642.25501218,110172.96711679957,1697525.74
27,Garlic,55859755.08913896,28483.54456947781,286621.0
27,Lfax,16827000.0,11333.0,54067.0
27,Others,10900000.0,1219.648651672821,62202.08123531387
29,Wheat,4950473462.090489,2794379.6934740124,7801454.703924474
29,Barley,6971060.24759285,22174.581348005508,29234.24000000001
29,Forestation Alfalfa,236884901.4563494,168703.30685427325,1924437.6600000004
29,Sustains Alfalfa,4988869158.138224,1335430.2096310174,37627180.24
29,vegetables,856232759.3664052,574804.7732537802,11469361.445335107
29,Medical and Aromatic plants,114681756.46639884,71306.17904368762,300911.5800000002
29,fully grown Beans,78983871.90082642,51282.98595041322,65729.7
29,lentils,1305000.0,1360.0,1384.0
29,Fenugreek,4957000.0,2700.0,2743.0
29,chickpeas,8432000.0,3331.0,3195.0
29,Lupine,114000.0,85.0,63.0
29,sugar Beet,839236513.1640966,359410.25069156336,7475186.779999999
29,Fully grown Onions,246632040.31647515,124124.80797525901,1697525.7400000002
29,Garlic,108360727.48538011,43835.17894736842,286621.0
29,Lfax,16827000.0,11333.0,54067.0
29,Others,10900000.0,1219.648651672821,62202.08123531387
31,Wheat,6234503009.388315,2784211.4505852214,7774013.810841825
31,Barley,4488060.24759285,16604.581348005508,27622.24000000001
31,Forestation Alfalfa,236884901.4563494,168703.30685427325,1924437.6600000004
31,Sustains Alfalfa,2902066019.9963937,1302279.9245143002,37627180.24
31,vegetables,729463590.2618266,643701.3392831767,11469361.4453351
31,Medical and Aromatic plants,88251952.88147056,57725.86017009508,300911.5800000001
31,fully grown Beans,78327615.70247936,51041.35785123968,65729.70000000001
31,lentils,1305000.0,1360.0,1384.0
31,Fenugreek,4957000.0,2700.0,2743.0
31,chickpeas,8432000.0,3331.0,3195.0
31,Lupine,114000.0,85.0,63.0
31,sugar Beet,780384962.2523549,354144.26751578576,7475186.779999999
31,Fully grown Onions,244737356.004721,123822.61699742102,1697525.7400000005
31,Garlic,106736417.23607261,43367.262049861485,286620.99999999994
31,Lfax,16827000.0,11333.0,54067.0
31,Others,10900000.0,1219.648651672821,62202.08123531387
33,Wheat,5310071011.965091,2843983.829951438,7858872.075504871
33,Barley,9370060.24759285,24592.581348005508,27622.24000000001
33,Forestation Alfalfa,222076515.9014785,159633.73555559132,1924437.6600000004
33,Sustains Alfalfa,2823725698.544834,1273660.6438003778,37627180.24
33,vegetables,637630328.0523182,694167.1765139676,11173577.228748348
33,Medical and Aromatic plants,84952000.0,55411.0,294317.0
33,fully grown Beans,65587000.0,45353.0,60792.0
33,lentils,1305000.0,1360.0,1384.0
33,Fenugreek,4957000.0,2700.0,2743.0
33,chickpeas,8432000.0,3331.0,3195.0
33,Lupine,114000.0,85.0,63.0
33,sugar Beet,681938000.0,330429.0,7073932.0
33,Fully grown Onions,135346000.0,88305.0,1202363.0
33,Garlic,63391000.0,27275.0,239385.0
33,Lfax,16827000.0,11333.0,54067.0
33,Others,10900000.0,1219.648651672821,62202.08123531387
34,Wheat,5317337232.240562,2828733.731962778,7791118.897710546
34,Barley,11800096.657534242,23357.94399999999,33969.23999999998
34,Forestation Alfalfa,222076515.9014785,159633.73555559132,1924437.6600000004
34,Sustains Alfalfa,2764350944.402133,1271248.1621692372,37627180.24
34,vegetables,710867622.734139,700982.3934817736,11256572.075360162
34,Medical and Aromatic plants,85808000.0,55734.0,294857.0
34,fully grown Beans,65835000.0,45443.0,60883.0
34,lentils,1305000.0,1360.0,1384.0
34,Fenugreek,4957000.0,2700.0,2743.0
34,chickpeas,8432000.0,3331.0,3195.0
34,Lupine,114000.0,85.0,63.0
34,sugar Beet,706962000.0,336782.0,7279705.0
34,Fully grown Onions,140948000.0,91137.0,1237889.0
34,Garlic,69857000.0,29759.0,255630.0
34,Lfax,16827000.0,11333.0,54067.0
34,Others,10900000.0,1219.648651672821,62202.08123531387
35,Wheat,5294768676.971528,2815213.731962778,7762414.9364699805
35,Barley,11486096.657534242,20313.94399999999,27622.239999999983
35,Forestation Alfalfa,222076515.9014785,159633.73555559132,1924437.6600000004
35,Sustains Alfalfa,2773165222.6105986,1275387.0725936359,37627180.24
35,vegetables,720760420.296557,701471.4830573748,11410013.763471425
35,Medical and Aromatic plants,85808000.0,55734.0,294857.0
35,fully grown Beans,70859723.73175646,49410.559393679636,65729.69999999998
35,lentils,1305000.0,1360.0,1384.0
35,Fenugreek,4957000.0,2700.0,2743.0
35,chickpeas,8432000.0,3331.0,3195.0
35,Lupine,114000.0,85.0,63.0
35,sugar Beet,706962000.0,336782.0,7279705.0
35,Fully grown Onions,158443919.60036063,100442.44060632036,1365049.1559739683
35,Garlic,73642000.0,31213.0,268872.0
35,Lfax,16827000.0,11333.0,54067.0
35,Others,10900000.0,1219.648651672821,62202.08123531387
38,Wheat,5307764604.498683,2848777.3781075496,7870695.539999998
38,Barley,7880096.657534241,17522.94399999999,27622.239999999983
38,Forestation Alfalfa,222076515.9014785,159633.73555559132,1924437.6600000004
38,Sustains Alfalfa,2801426503.11896,1288010.0441011954,37627180.24
38,vegetables,623181039.6052166,638879.9554050438,10289422.689537423
38,Medical and Aromatic plants,85808000.0,55734.0,294857.0
38,fully grown Beans,77832000.0,48018.0,64409.0
38,lentils,1305000.0,1360.0,1384.0
38,Fenugreek,4957000.0,2700.0,2743.0
38,chickpeas,8432000.0,3331.0,3195.0
38,Lupine,114000.0,85.0,63.0
38,sugar Beet,706962000.0,336782.0,7279705.0
38,Fully grown Onions,213760617.81490427,123182.91,1680242.5519747972
38,Garlic,77922000.0,32794.0,280885.0
38,Lfax,16827000.0,11333.0,54067.0
38,Others,10900000.0,1219.648651672821,62202.08123531387
39,Wheat,5307764604.498684,2848777.3781075496,7870695.539999999
39,Barley,10491096.657534242,18932.94399999999,27622.239999999983
39,Forestation Alfalfa,227261515.9014785,162215.73555559132,1924437.6600000004
39,Sustains Alfalfa,2801426503.11896,1288010.0441011954,37627180.24
39,vegetables,648902039.6052166,637554.8654050436,10289422.689537423
39,Medical and Aromatic plants,85808000.0,55734.0,294857.0
39,fully grown Beans,77832000.0,48018.0,64409.0
39,lentils,1305000.0,1360.0,1384.0
39,Fenugreek,4957000.0,2700.0,2743.0
39,chickpeas,8432000.0,3331.0,3195.0
39,Lupine,114000.0,85.0,63.0
39,sugar Beet,706962000.0,336782.0,7279705.0
39,Fully grown Onions,210091000.0,120366.0,1646733.0
39,Garlic,77922000.0,32794.0,280885.0
39,Lfax,16827000.0,11333.0,54067.0
39,Others,10900000.0,1219.648651672821,62202.08123531387
40,Wheat,5131151512.043457,2768996.383647659,7933628.56068535
40,Barley,3016543.493013973,15884.464301397209,27894.860000000008
40,Forestation Alfalfa,205591082.41738567,150821.90906855313,1943805.99
40,Sustains Alfalfa,3144270657.055834,1405453.7722268112,37999584.860000014
40,vegetables,112198807.08932234,557746.9064321822,11593949.441841539
40,Medical and Aromatic plants,147362814.6377963,135349.29432000648,303938.87
40,fully grown Beans,74718549.42148757,53214.11764462807,66390.04999999996
40,lentils,957000.0,1066.0,1123.0
40,Fenugreek,3844299.319727887,2782.311632653058,2825.5599999999968
40,chickpeas,8489603.999999981,3299.929999999993,3384.929999999993
40,Lupine,130760.00000003536,96.67034482760937,68.88000000001767
40,sugar Beet,1128833719.7243226,342568.8866333895,6767140.1180324955
40,Fully grown Onions,121587505.76852135,97802.78633641537,1722922.1099999996
40,Garlic,55612017.06916172,26959.534580857253,289489.0
40,Lfax,1340000.0,943.0,5086.0
40,Others,10900000.0,1219.648651672821,62202.08123531387
41,Wheat,4625053959.594155,2720348.247180247,7916077.4183404455
41,Barley,2894543.493013973,15665.464301397209,27894.860000000008
41,Forestation Alfalfa,206842815.59821302,153783.7944321224,1943805.9899999998
41,Sustains Alfalfa,2871141047.80389,1345306.38864996,37999584.86
41,vegetables,359252105.5703759,734341.3480071651,11593949.441841539
41,Medical and Aromatic plants,101979400.62487563,54616.10976037479,303938.86999999994
41,fully grown Beans,74460013.88429752,53328.45152892562,66390.05
41,lentils,1135000.0,1264.0,1316.0
41,Fenugreek,4741299.3197278865,3361.311632653058,3259.5599999999968
41,chickpeas,8545404.0,3321.9300000000003,3384.9300000000003
41,Lupine,130759.99999999092,96.67034482758027,68.87999999999546
41,sugar Beet,1050080344.7642827,373814.52735498274,7572927.669999997
41,Fully grown Onions,138746515.7509773,97388.72397672458,1657373.0055402047
41,Garlic,699000.0,1117.0,6316.0
41,Lfax,7724000.0,5232.0,26065.0
41,Others,10900000.0,1219.648651672821,62202.08123531387
42,Wheat,4603253533.648364,2699150.8746280577,7933628.560685349
42,Barley,3014543.493013973,16076.464301397209,28621.860000000008
42,Forestation Alfalfa,206842815.59821302,153783.79443212238,1943805.99
42,Sustains Alfalfa,4928138484.675553,1344847.7479696218,37999584.86
42,vegetables,333247666.66871995,704587.960477414,11593949.441841535
42,Medical and Aromatic plants,110561425.58445908,67474.24828201077,303938.87000000005
42,fully grown Beans,71586949.42148763,53797.91764462811,66390.05000000002
42,lentils,1137000.0,1266.0,1319.0
42,Fenugreek,4965299.3197278865,3496.311632653058,3259.5599999999968
42,chickpeas,8963804.0,3520.9300000000003,3384.9300000000003
42,Lupine,152760.00000000204,110.67034482758754,68.88000000000102
42,sugar Beet,872860054.9806426,370388.96014590806,7572927.669999999
42,Fully grown Onions,146309252.91684836,108026.47143009749,1722922.1099999999
42,Garlic,61581163.231761284,29956.615880642305,289489.0
42,Lfax,9617000.0,6501.0,32288.0
42,Others,10900000.0,1219.648651672821,62202.08123531387
43,Wheat,5002727838.123859,2703584.3771432023,7933628.560685349
43,Barley,5947543.493013972,18370.46430139721,28621.860000000008
43,Forestation Alfalfa,185579988.17011315,137123.68442014646,1943805.99
43,Sustains Alfalfa,4923431104.303789,1360445.570645814,37999584.86
43,vegetables,330698009.8626903,705814.4163001137,11593949.441841537
43,Medical and Aromatic plants,106432485.61274019,63952.99837295586,303938.8699999999
43,fully grown Beans,67233347.76859504,52693.768057851245,66390.05
43,lentils,1167323.2323232323,1288.0,1336.7474747474748
43,Fenugreek,4965299.3197278865,3496.311632653058,3259.5599999999968
43,chickpeas,8963804.00000002,3520.9300000000076,3384.9300000000076
43,Lupine,152759.99999999092,110.67034482758027,81.87999999999546
43,sugar Beet,811238783.9383607,365640.4992681261,7572927.669999998
43,Fully grown Onions,146397931.51699796,108115.85867748788,1722922.1099999994
43,Garlic,61555732.83600961,30332.41800480465,289489.0
43,Lfax,12593000.0,8496.0,42095.0
43,Others,10900000.0,1219.648651672821,62202.08123531387
44,Wheat,4705617885.707424,2735887.940654259,7833578.13302737
44,Barley,3355543.493013973,17007.46430139721,28621.860000000008
44,Forestation Alfalfa,251545496.24644738,186596.22012163373,1943805.9900000002
44,Sustains Alfalfa,2838467300.018707,1303816.7827735124,37999584.86000001
44,vegetables,438976869.687249,700879.4526059227,11593949.441841535
44,Medical and Aromatic plants,80222310.54609928,61367.51921276595,303938.86999999994
44,fully grown Beans,66378347.76859505,52326.76805785124,66390.04999999999
44,lentils,1305000.0,1360.0,1384.0
44,Fenugreek,6009642.754667096,3859.742693690311,3975.7024246803157
44,chickpeas,8432000.0,3331.0,3195.0
44,Lupine,114000.0,85.0,63.0
44,sugar Beet,1145909136.2660823,380992.17469865555,7572927.670000002
44,Fully grown Onions,248498641.93087077,102058.90204969162,1454316.3546396056
44,Garlic,2153000.0,2232.0,13746.0
44,Lfax,16605000.0,11185.0,53389.0
44,Others,10900000.0,1219.648651672821,62202.08123531387
45,Wheat,4778116617.113916,2760132.8467370057,7803203.23819614
45,Barley,3355543.493013973,17007.46430139721,28621.860000000008
45,Forestation Alfalfa,264080975.1750008,180447.9171819212,1943805.99
45,Sustains Alfalfa,2723284075.025262,1261163.99057943,37999584.86000001
45,vegetables,425635749.18157196,701691.7237152997,11593949.441841539
45,Medical and Aromatic plants,113698187.45891857,69988.54632783592,303938.87000000005
45,fully grown Beans,78718347.76859505,59482.76805785125,66390.05000000002
45,lentils,1305000.0,1360.0,1384.0
45,Fenugreek,7781299.319727892,4819.311632653062,2825.5600000000004
45,chickpeas,8963804.0,3520.9300000000003,3384.9300000000003
45,Lupine,157760.00000000204,113.67034482758754,68.88000000000102
45,sugar Beet,939578937.3527571,368080.5036756257,7572927.670000002
45,Fully grown Onions,235023566.38353357,114393.16390480635,1722922.1099999999
45,Garlic,21282066.786287874,10841.130710725967,73118.99193609397
45,Lfax,16653000.0,11217.0,53529.0
45,Others,10900000.0,1219.648651672821,62202.08123531387
46,Wheat,6351562506.927317,2749571.2313697427,7437624.12351325
46,Barley,3014543.493013973,16076.464301397209,28621.860000000008
46,Forestation Alfalfa,253027252.11409503,173577.61136207203,1943805.9900000002
46,Sustains Alfalfa,2687742093.0538535,1255094.535698603,37484921.12559532
46,vegetables,277041484.10753214,720477.8210631033,11593949.441841535
46,Medical and Aromatic plants,114487316.21394181,70661.78300869375,303938.87
46,fully grown Beans,66378347.76859504,52326.76805785122,66390.04999999999
46,lentils,1305000.0,1360.0,1384.0
46,Fenugreek,6816299.3197278865,4447.311632653058,3259.5599999999968
46,chickpeas,8963804.00000002,3520.9300000000076,3384.9300000000076
46,Lupine,152760.00000001315,110.67034482759482,68.88000000000658
46,sugar Beet,869087713.5864168,364942.01882578916,7572927.67
46,Fully grown Onions,139173931.516998,111611.85867748788,1722922.1099999999
46,Garlic,55146531.925654314,27935.96282715893,289489.0
46,Lfax,16734000.0,11271.0,53778.0
46,Others,10900000.0,1219.648651672821,62202.08123531387
47,Wheat,4899237636.787013,2805780.5001505753,7937666.845504871
47,Barley,4735543.493013972,20158.46430139721,27894.860000000008
47,Forestation Alfalfa,243739453.26545614,171698.3329886395,1943805.9900000002
47,Sustains Alfalfa,4862562929.566073,1232545.4758215288,37699393.21638647
47,vegetables,722601169.191418,656893.6066528901,11593949.441841535
47,Medical and Aromatic plants,114574206.97509252,70727.70789828115,303938.87000000005
47,fully grown Beans,87294159.09090915,53839.90454545457,66390.05000000002
47,lentils,1305000.0,1360.0,1384.0
47,Fenugreek,4957000.0,2700.0,2743.0
47,chickpeas,8432000.0,3331.0,3195.0
47,Lupine,114000.0,85.0,63.0
47,sugar Beet,860265696.2185785,364602.5392810886,7572927.670000001
47,Fully grown Onions,267089943.50133324,124882.9147539013,1722922.1099999999
47,Garlic,109968477.99322869,44322.52077562327,289489.0
47,Lfax,16827000.0,11333.0,54067.0
47,Others,10900000.0,1219.648651672821,62202.08123531387
48,Wheat,5043852044.678661,2854315.4989038757,7937666.845504871
48,Barley,5666059.422283351,17788.53632808687,29506.85999999997
48,Forestation Alfalfa,242696722.05928287,171776.49797623788,1943805.9900000002
48,Sustains Alfalfa,3111204020.0013466,1299013.584017199,37999584.85999999
48,vegetables,943283188.4782846,544326.8522133577,11593949.44184154
48,Medical and Aromatic plants,115869357.5341185,71888.76525315324,303938.8700000001
48,fully grown Beans,87362456.61157027,53883.38663911847,66390.05000000002
48,lentils,1305000.0,1360.0,1384.0
48,Fenugreek,4957000.0,2700.0,2743.0
48,chickpeas,8432000.0,3331.0,3195.0
48,Lupine,114000.0,85.0,63.0
48,sugar Beet,860017798.053213,364609.02568371576,7572927.67
48,Fully grown Onions,265338598.1763343,124810.51081107662,1722922.1099999999
48,Garlic,100588255.28731337,43039.30934355876,289489.0
48,Lfax,16827000.0,11333.0,54067.0
48,Others,10900000.0,1219.648651672821,62202.08123531387
51,Wheat,5161757574.4936905,2846326.229325585,7937666.8455048725
51,Barley,4752059.422283351,17470.70352132048,29506.85999999997
51,Forestation Alfalfa,241996128.4958815,171604.09126404754,1943805.9900000002
51,Sustains Alfalfa,2929899801.899787,1312583.5402594786,37999584.86
51,vegetables,773003378.6074492,634919.8001048631,11593949.441841539
51,Medical and Aromatic plants,89267533.8162973,58264.54626815343,303938.87000000005
51,fully grown Beans,79882985.5371901,51708.984435261715,66390.05
51,lentils,1305000.0,1360.0,1384.0
51,Fenugreek,4957000.0,2700.0,2743.0
51,chickpeas,8432000.0,3331.0,3195.0
51,Lupine,114000.0,85.0,63.0
51,sugar Beet,798984693.2105691,359183.5055044061,7572927.670000001
51,Fully grown Onions,142380918.32934204,87804.56648626365,1189795.879111482
51,Garlic,8780000.0,5736.0,40518.0
51,Lfax,16827000.0,11333.0,54067.0
51,Others,10900000.0,1219.648651672821,62202.08123531387
52,Wheat,5141844959.952389,2821101.7913085185,7819442.167265734
52,Barley,7297059.422283351,22380.70352132048,29506.85999999997
52,Forestation Alfalfa,223809598.02088198,160518.6606219534,1943805.9900000005
52,Sustains Alfalfa,2925593715.2697663,1322432.9950150086,37999584.860000014
52,vegetables,601599485.797805,702496.8167025787,11341489.282699896
52,Medical and Aromatic plants,93013479.26745203,62790.0,300714.36769335263
52,fully grown Beans,58739000.0,42632.0,57434.0
52,lentils,1305000.0,1360.0,1384.0
52,Fenugreek,4957000.0,2700.0,2743.0
52,chickpeas,8432000.0,3331.0,3195.0
52,Lupine,114000.0,85.0,63.0
52,sugar Beet,613677000.0,311935.0,6715223.0
52,Fully grown Onions,134141000.0,87693.0,1194099.0
52,Garlic,23669000.0,11621.0,93333.0
52,Lfax,16827000.0,11333.0,54067.0
52,Others,10900000.0,1219.648651672821,62202.08123531387
53,Wheat,5384568602.508452,2874201.5817465624,7937666.845504872
53,Barley,9415059.422283357,24746.703521320494,27894.86
53,Forestation Alfalfa,223809598.02088198,160518.6606219534,1943805.9900000005
53,Sustains Alfalfa,2993001743.912512,1278388.8229537315,37999584.86
53,vegetables,590148558.494164,658182.1983258124,10598676.180080637
53,Medical and Aromatic plants,84952000.0,55411.0,294317.0
53,fully grown Beans,65587000.0,45353.0,60792.0
53,lentils,1305000.0,1360.0,1384.0
53,Fenugreek,4957000.0,2700.0,2743.0
53,chickpeas,8432000.0,3331.0,3195.0
53,Lupine,114000.0,85.0,63.0
53,sugar Beet,681938000.0,330429.0,7073932.0
53,Fully grown Onions,135346000.0,88305.0,1202363.0
53,Garlic,63391000.0,27275.0,239385.0
53,Lfax,16827000.0,11333.0,54067.0
53,Others,10900000.0,1219.648651672821,62202.08123531387
54,Wheat,5317337232.240562,2828733.731962778,7791118.897710546
54,Barley,11891218.958904112,23521.516000000003,34241.86000000001
54,Forestation Alfalfa,223809598.02088192,160518.66062195337,1943805.9899999998
54,Sustains Alfalfa,2792246454.3859606,1281580.2147885598,37999584.86
54,vegetables,695851116.824496,689601.8437960888,11074754.820546076
54,Medical and Aromatic plants,85808000.0,55734.0,294857.0
54,fully grown Beans,65835000.0,45443.0,60883.0
54,lentils,1305000.0,1360.0,1384.0
54,Fenugreek,4957000.0,2700.0,2743.0
54,chickpeas,8432000.0,3331.0,3195.0
54,Lupine,114000.0,85.0,63.0
54,sugar Beet,706962000.0,336782.0,7279705.0
54,Fully grown Onions,140948000.0,91137.0,1237889.0
54,Garlic,69857000.0,29759.0,255630.0
54,Lfax,16827000.0,11333.0,54067.0
54,Others,10900000.0,1219.648651672821,62202.08123531387
55,Wheat,5294768676.971528,2815213.731962778,7762414.9364699805
55,Barley,11577218.958904112,20477.516000000003,27894.860000000008
55,Forestation Alfalfa,223809598.02088192,160518.66062195337,1943805.9899999998
55,Sustains Alfalfa,2801060732.594425,1285719.1252129585,37999584.86
55,vegetables,705743914.3869138,690090.9333716901,11228196.508657338
55,Medical and Aromatic plants,85808000.0,55734.0,294857.0
55,fully grown Beans,71448108.96797694,49943.96155903397,66390.04999999999
55,lentils,1305000.0,1360.0,1384.0
55,Fenugreek,4957000.0,2700.0,2743.0
55,chickpeas,8432000.0,3331.0,3195.0
55,Lupine,114000.0,85.0,63.0
55,sugar Beet,706962000.0,336782.0,7279705.0
55,Fully grown Onions,157567763.09773892,99909.03844096603,1358320.2292253873
55,Garlic,73642000.0,31213.0,268872.0
55,Lfax,16827000.0,11333.0,54067.0
55,Others,10900000.0,1219.648651672821,62202.08123531387
56,Wheat,5208404120.792673,2788226.638045525,7702490.445006198
56,Barley,7971218.958904112,17686.516000000003,27894.860000000008
56,Forestation Alfalfa,223809598.02088192,160518.66062195337,1943805.9899999998
56,Sustains Alfalfa,2824498007.926692,1296516.2023976701,37999584.86
56,vegetables,652820129.4389944,703327.9501042317,11315751.44579237
56,Medical and Aromatic plants,85808000.0,55734.0,294857.0
56,fully grown Beans,72963000.0,47146.0,63342.0
56,lentils,1305000.0,1360.0,1384.0
56,Fenugreek,4957000.0,2700.0,2743.0
56,chickpeas,8432000.0,3331.0,3195.0
56,Lupine,114000.0,85.0,63.0
56,sugar Beet,706962000.0,336782.0,7279705.0
56,Fully grown Onions,174552000.0,107313.0,1464557.0
56,Garlic,76700000.0,32351.0,277486.0
56,Lfax,16827000.0,11333.0,54067.0
56,Others,10900000.0,1219.648651672821,62202.08123531387
57,Wheat,5205161939.9926815,2786397.638045525,7697600.184831687
57,Barley,7971218.958904112,17686.516000000003,27894.860000000008
57,Forestation Alfalfa,223809598.02088192,160518.66062195337,1943805.9899999998
57,Sustains Alfalfa,2829322013.102787,1298342.096720518,37999584.86
57,vegetables,655336533.6955736,705235.0557813838,11346219.633044897
57,Medical and Aromatic plants,85808000.0,55734.0,294857.0
57,fully grown Beans,76455000.0,47879.0,64243.0
57,lentils,1305000.0,1360.0,1384.0
57,Fenugreek,4957000.0,2700.0,2743.0
57,chickpeas,8432000.0,3331.0,3195.0
57,Lupine,114000.0,85.0,63.0
57,sugar Beet,706962000.0,336782.0,7279705.0
57,Fully grown Onions,176343000.0,108144.0,1475880.0
57,Garlic,77420000.0,32616.0,279882.0
57,Lfax,16827000.0,11333.0,54067.0
57,Others,10900000.0,1219.648651672821,62202.08123531387
58,Wheat,5182201164.078003,2775935.638045525,7670139.93385901
58,Barley,7971218.958904112,17686.516000000003,27894.860000000008
58,Forestation Alfalfa,223809598.02088192,160518.66062195337,1943805.9899999998
58,Sustains Alfalfa,2829322013.102787,1298342.096720518,37999584.86
58,vegetables,655336533.6955736,705235.0557813838,11346219.633044897
58,Medical and Aromatic plants,85808000.0,55734.0,294857.0
58,fully grown Beans,77832000.0,48018.0,64409.0
58,lentils,1305000.0,1360.0,1384.0
58,Fenugreek,4957000.0,2700.0,2743.0
58,chickpeas,8432000.0,3331.0,3195.0
58,Lupine,114000.0,85.0,63.0
58,sugar Beet,706962000.0,336782.0,7279705.0
58,Fully grown Onions,202751000.0,118289.0,1613142.0
58,Garlic,77922000.0,32794.0,280885.0
58,Lfax,16827000.0,11333.0,54067.0
58,Others,10900000.0,1219.648651672821,62202.08123531387
59,Wheat,5178263547.443119,2773858.638045525,7664091.741545676
59,Barley,7971218.958904112,17686.516000000003,27894.860000000008
59,Forestation Alfalfa,223809598.02088192,160518.66062195337,1943805.9899999998
59,Sustains Alfalfa,2829322013.102787,1298342.096720518,37999584.86
59,vegetables,655336533.6955736,705235.0557813838,11346219.633044897
59,Medical and Aromatic plants,85808000.0,55734.0,294857.0
59,fully grown Beans,77832000.0,48018.0,64409.0
59,lentils,1305000.0,1360.0,1384.0
59,Fenugreek,4957000.0,2700.0,2743.0
59,chickpeas,8432000.0,3331.0,3195.0
59,Lupine,114000.0,85.0,63.0
59,sugar Beet,706962000.0,336782.0,7279705.0
59,Fully grown Onions,210091000.0,120366.0,1646733.0
59,Garlic,77922000.0,32794.0,280885.0
59,Lfax,16827000.0,11333.0,54067.0
59,Others,10900000.0,1219.648651672821,62202.08123531387
60,Wheat,5187799783.083388,2797787.947175938,8012423.330685348
60,Barley,3044567.3053892236,16028.800538922165,28167.480000000018
60,Forestation Alfalfa,207601904.55379567,152298.3206275953,1963174.32
60,Sustains Alfalfa,3176488269.822428,1417191.380206671,38371989.480000004
60,vegetables,113159482.74516869,560203.7967450179,11718537.438347977
60,Medical and Aromatic plants,154782524.8268483,106340.8700762198,306966.16000000003
60,fully grown Beans,75513152.39669426,53741.85190082647,67050.40000000002
60,lentils,957000.0,1066.0,1123.0
60,Fenugreek,3881741.496598644,2809.4104081632686,2853.0800000000036
60,chickpeas,8666871.999999974,3363.2399999999907,3448.2399999999907
60,Lupine,134680.0000000114,99.23862068966264,70.8400000000057
60,sugar Beet,1104068956.6094031,324644.0064960657,6376865.2467625635
60,Fully grown Onions,123379795.03050718,99241.6778971037,1748318.4799999997
60,Garlic,56163206.85295234,27226.426476166394,292357.0
60,Lfax,1340000.0,943.0,5086.0
60,Others,10900000.0,1219.648651672821,62202.08123531387
61,Wheat,4625053959.594155,2720348.247180247,7916077.4183404455
61,Barley,2922567.3053892236,15809.800538922165,28167.480000000018
61,Forestation Alfalfa,208853637.734623,155260.2059911646,1963174.3199999998
61,Sustains Alfalfa,2897132760.823048,1354791.383010846,38371989.480000004
61,vegetables,376585955.6480812,741800.5811498738,11718537.438347977
61,Medical and Aromatic plants,102994981.55970235,55154.79585843312,306966.1599999999
61,fully grown Beans,75254616.85950413,53856.18578512398,67050.4
61,lentils,1135000.0,1264.0,1316.0
61,Fenugreek,4778741.496598644,3388.4104081632686,2853.0800000000036
61,chickpeas,8722671.999999994,3385.239999999998,3448.239999999998
61,Lupine,134679.99999998917,99.23862068964809,70.83999999999459
61,sugar Beet,1068680075.7224973,378853.7653436031,7670668.559999998
61,Fully grown Onions,114478987.44537883,72625.11328231325,1243277.1221846573
61,Garlic,699000.0,1117.0,6316.0
61,Lfax,7724000.0,5232.0,26065.0
61,Others,10900000.0,1219.648651672821,62202.08123531387
62,Wheat,4650295540.057173,2724675.5473840814,8012423.330685348
62,Barley,3042567.3053892236,16220.800538922165,28894.480000000018
62,Forestation Alfalfa,200497995.85976812,149124.3597257182,1963174.3200000005
62,Sustains Alfalfa,4753430530.833212,1301175.464707271,38371989.48
62,vegetables,359916022.42469627,711597.7657081976,11718537.438347977
62,Medical and Aromatic plants,107365872.44021802,64420.25078820673,306966.1599999999
62,fully grown Beans,72381552.39669424,54325.65190082646,67050.40000000001
62,lentils,1137000.0,1266.0,1319.0
62,Fenugreek,5002741.496598639,3523.410408163265,2853.08
62,chickpeas,9141072.0,3584.24,3448.24
62,Lupine,156680.0000000003,113.23862068965536,70.84000000000015
62,sugar Beet,891459785.9388567,375428.1981345285,7670668.5600000005
62,Fully grown Onions,148101542.1788342,109465.36299078584,1748318.4800000004
62,Garlic,103215666.53740682,41564.67626198979,292357.00000000006
62,Lfax,9617000.0,6501.0,32288.0
62,Others,10900000.0,1219.648651672821,62202.08123531387
63,Wheat,5049769844.532668,2716401.1968642883,8012423.330685348
63,Barley,5975567.305389224,18514.800538922165,28894.480000000018
63,Forestation Alfalfa,177663615.31672677,131310.20213060174,1963174.3200000005
63,Sustains Alfalfa,4748381909.011599,1336568.0089161769,38371989.48000001
63,vegetables,345443667.11214507,712714.0683941935,11718537.438347977
63,Medical and Aromatic plants,107704000.20777771,65034.21501193115,306966.1599999999
63,fully grown Beans,68027950.74380167,53221.5023140496,67050.40000000001
63,lentils,1167323.2323232323,1288.0,1336.7474747474748
63,Fenugreek,5002741.496598639,3523.410408163265,2853.08
63,chickpeas,9141072.000000004,3584.2400000000016,3448.2400000000016
63,Lupine,156680.0000000003,113.23862068965536,70.84000000000015
63,sugar Beet,829838514.8965751,370679.7372567465,7670668.5600000005
63,Fully grown Onions,148190220.7789839,109554.75023817623,1748318.4800000004
63,Garlic,68941796.45976779,31982.596475440943,292357.0
63,Lfax,12593000.0,8496.0,42095.0
63,Others,10900000.0,1219.648651672821,62202.08123531387
64,Wheat,4820425516.468995,2798181.6344904415,8012423.330685346
64,Barley,3263567.3053892236,16740.800538922165,28167.480000000018
64,Forestation Alfalfa,292261548.16824967,193459.0,1940826.1370420624
64,Sustains Alfalfa,2916518629.0887446,1310419.7912467099,38371989.48000001
64,vegetables,472388694.0729139,700668.8308933065,11604525.68912208
64,Medical and Aromatic plants,114591115.38773721,70418.05924720486,306966.1599999999
64,fully grown Beans,106508404.95867768,60087.635812672175,67050.4
64,lentils,1305000.0,1360.0,1384.0
64,Fenugreek,4676619.458837075,2815.0,2785.2947610823257
64,chickpeas,8432000.0,3331.0,3195.0
64,Lupine,114000.0,85.0,63.0
64,sugar Beet,1118647700.1745286,373606.21494012297,7429669.843730753
64,Fully grown Onions,21058000.0,18546.0,321077.0
64,Garlic,2153000.0,2232.0,13746.0
64,Lfax,16605000.0,11185.0,53389.0
64,Others,10900000.0,1219.648651672821,62202.08123531387
65,Wheat,4778116617.113916,2760132.8467370057,7803203.23819614
65,Barley,3383567.3053892236,17151.800538922165,28894.480000000018
65,Forestation Alfalfa,267800202.21453294,182558.70159169554,1963174.3200000003
65,Sustains Alfalfa,2756368339.2018623,1273858.6827083358,38371989.480000004
65,vegetables,450545340.720196,709098.0259466514,11718537.438347977
65,Medical and Aromatic plants,114713768.39374524,70527.23242589424,306966.16
65,fully grown Beans,79512950.74380165,60010.50231404959,67050.4
65,lentils,1305000.0,1360.0,1384.0
65,Fenugreek,6872741.4965986395,4484.410408163265,2853.0800000000004
65,chickpeas,9141071.999999998,3584.2399999999993,3448.2399999999993
65,Lupine,156680.0000000003,113.23862068965536,70.84000000000015
65,sugar Beet,958178668.3109711,373119.7416642461,7670668.560000001
65,Fully grown Onions,207939061.8634679,94511.54421372649,1356307.403836866
65,Garlic,2708000.0,2533.0,16455.0
65,Lfax,16653000.0,11217.0,53529.0
65,Others,10900000.0,1219.648651672821,62202.08123531387
66,Wheat,6810252055.664363,2741882.52287329,7437624.12351325
66,Barley,3042567.3053892236,16220.800538922165,28894.480000000018
66,Forestation Alfalfa,251184479.15362713,174934.50794255445,1963174.3200000003
66,Sustains Alfalfa,2687415878.392973,1245579.213401942,37479944.80030919
66,vegetables,287331356.6926317,728276.200187963,11718537.438347975
66,Medical and Aromatic plants,115502897.14876854,71200.46910675208,306966.16000000003
66,fully grown Beans,67172950.74380165,52854.50231404959,67050.4
66,lentils,1305000.0,1360.0,1384.0
66,Fenugreek,6853741.496598644,4474.410408163269,2853.0800000000036
66,chickpeas,9141072.000000015,3584.2400000000052,3448.2400000000052
66,Lupine,156679.99999998917,113.23862068964809,83.83999999999459
66,sugar Beet,887687444.5446311,369981.2568144095,7670668.5600000005
66,Fully grown Onions,140966220.77898383,113050.7502381762,1748318.48
66,Garlic,55697721.70944494,28202.854722468088,292357.0
66,Lfax,16734000.0,11271.0,53778.0
66,Others,10900000.0,1219.648651672821,62202.08123531387
67,Wheat,4956461239.657236,2835192.7463757247,8016461.61550487
67,Barley,3396567.305389221,17004.80053892215,28167.47999999999
67,Forestation Alfalfa,247458680.3049883,173809.11739841386,1963174.3200000003
67,Sustains Alfalfa,2807942126.654743,1204412.2998223593,36728077.49299993
67,vegetables,747094250.9449542,657609.6205365377,11718537.438347977
67,Medical and Aromatic plants,115589787.90991923,71266.39399633948,306966.16000000003
67,fully grown Beans,88849528.92561981,54507.53112947657,67050.4
67,lentils,1305000.0,1360.0,1384.0
67,Fenugreek,4957000.0,2700.0,2743.0
67,chickpeas,8432000.0,3331.0,3195.0
67,Lupine,114000.0,85.0,63.0
67,sugar Beet,878865427.1767924,369641.7772697089,7670668.5600000005
67,Fully grown Onions,271975981.43579435,126759.95409217407,1748318.4799999997
67,Garlic,81572235.2571945,33413.726009723345,218147.0632157632
67,Lfax,16827000.0,11333.0,54067.0
67,Others,10900000.0,1219.648651672821,62202.08123531387
70,Wheat,5217106002.139284,2877726.0036510397,8016461.615504869
70,Barley,4797058.596973863,17624.82569463548,29779.47999999999
70,Forestation Alfalfa,244323355.5354136,172924.8756738219,1963174.3200000003
70,Sustains Alfalfa,2948537612.966077,1316470.3516408533,38371989.480000004
70,vegetables,830475150.3590806,615783.6484341013,11718537.43834798
70,Medical and Aromatic plants,90283114.75112404,58803.23236621177,306966.16000000003
70,fully grown Beans,81438355.37190087,52376.611019283766,67050.40000000002
70,lentils,1305000.0,1360.0,1384.0
70,Fenugreek,4957000.0,2700.0,2743.0
70,chickpeas,8432000.0,3331.0,3195.0
70,Lupine,114000.0,85.0,63.0
70,sugar Beet,793189515.9597368,353985.4186894328,7402633.102934344
70,Fully grown Onions,105121148.23074475,74907.0,1011025.1562433845
70,Garlic,7260000.0,5000.0,32609.0
70,Lfax,16827000.0,11333.0,54067.0
70,Others,10900000.0,1219.648651672821,62202.08123531387
71,Wheat,5228305379.55732,2876343.2697506547,8016461.615504872
71,Barley,5182058.596973863,17633.82569463548,28167.47999999999
71,Forestation Alfalfa,244323355.53541353,172924.87567382184,1963174.3199999998
71,Sustains Alfalfa,2957733583.803181,1322887.1560046575,38371989.480000004
71,vegetables,816543166.9530716,626138.2609265496,11718537.438347977
71,Medical and Aromatic plants,90283114.75112404,58803.232366211756,306966.16000000003
71,fully grown Beans,81438355.37190084,52376.61101928375,67050.40000000001
71,lentils,1305000.0,1360.0,1384.0
71,Fenugreek,4957000.0,2700.0,2743.0
71,chickpeas,8432000.0,3331.0,3195.0
71,Lupine,114000.0,85.0,63.0
71,sugar Beet,727843202.0401709,347087.7357335651,7353467.047919648
71,Fully grown Onions,92975000.0,65521.0,908704.0
71,Garlic,8780000.0,5736.0,40518.0
71,Lfax,16827000.0,11333.0,54067.0
71,Others,10900000.0,1219.648651672821,62202.08123531387
72,Wheat,5141844959.952389,2821101.7913085185,7819442.167265734
72,Barley,9862058.596973862,25756.82569463548,29779.47999999999
72,Forestation Alfalfa,225542680.14028546,161403.58568831548,1963174.3200000005
72,Sustains Alfalfa,2953427497.1731606,1332736.6107601877,38371989.48000001
72,vegetables,590526441.6785164,694275.1537177227,11216297.977313027
72,Medical and Aromatic plants,81019000.0,53656.0,291950.0
72,fully grown Beans,58739000.0,42632.0,57434.0
72,lentils,1305000.0,1360.0,1384.0
72,Fenugreek,4957000.0,2700.0,2743.0
72,chickpeas,8432000.0,3331.0,3195.0
72,Lupine,114000.0,85.0,63.0
72,sugar Beet,613677000.0,311935.0,6715223.0
72,Fully grown Onions,134141000.0,87693.0,1194099.0
72,Garlic,23669000.0,11621.0,93333.0
72,Lfax,16827000.0,11333.0,54067.0
72,Others,10900000.0,1219.648651672821,62202.08123531387
73,Wheat,5459066193.051814,2904419.3335416866,8016461.615504871
73,Barley,9600113.413756415,23197.010935531056,34514.47999999998
73,Forestation Alfalfa,225542680.14028546,161403.58568831548,1963174.3200000005
73,Sustains Alfalfa,2813387753.154434,1284141.3057878264,38371989.480000004
73,vegetables,543255255.2194846,622876.7312160209,10025237.483254135
73,Medical and Aromatic plants,84952000.0,55411.0,294317.0
73,fully grown Beans,65587000.0,45353.0,60792.0
73,lentils,1305000.0,1360.0,1384.0
73,Fenugreek,4957000.0,2700.0,2743.0
73,chickpeas,8432000.0,3331.0,3195.0
73,Lupine,114000.0,85.0,63.0
73,sugar Beet,681938000.0,330429.0,7073932.0
73,Fully grown Onions,135346000.0,88305.0,1202363.0
73,Garlic,63391000.0,27275.0,239385.0
73,Lfax,16827000.0,11333.0,54067.0
73,Others,10900000.0,1219.648651672821,62202.08123531387
74,Wheat,5317337232.240562,2828733.731962778,7791118.897710546
74,Barley,11982341.260273967,23685.08799999999,34514.47999999998
74,Forestation Alfalfa,225542680.1402854,161403.58568831545,1963174.32
74,Sustains Alfalfa,2820141964.3697877,1291912.2674078827,38371989.480000004
74,vegetables,680834610.9148526,678221.2941104039,10892937.565731985
74,Medical and Aromatic plants,85808000.0,55734.0,294857.0
74,fully grown Beans,65835000.0,45443.0,60883.0
74,lentils,1305000.0,1360.0,1384.0
74,Fenugreek,4957000.0,2700.0,2743.0
74,chickpeas,8432000.0,3331.0,3195.0
74,Lupine,114000.0,85.0,63.0
74,sugar Beet,706962000.0,336782.0,7279705.0
74,Fully grown Onions,140948000.0,91137.0,1237889.0
74,Garlic,69857000.0,29759.0,255630.0
74,Lfax,16827000.0,11333.0,54067.0
74,Others,10900000.0,1219.648651672821,62202.08123531387
75,Wheat,5294768676.971528,2815213.731962778,7762414.9364699805
75,Barley,11982341.260273967,23685.08799999999,34514.47999999998
75,Forestation Alfalfa,225542680.1402854,161403.58568831545,1963174.32
75,Sustains Alfalfa,2828956242.578253,1296051.1778322814,38371989.480000004
75,vegetables,696304816.6242452,682852.3836860051,11192403.658530612
75,Medical and Aromatic plants,85808000.0,55734.0,294857.0
75,fully grown Beans,66956000.0,45827.0,61359.0
75,lentils,1305000.0,1360.0,1384.0
75,Fenugreek,4957000.0,2700.0,2743.0
75,chickpeas,8432000.0,3331.0,3195.0
75,Lupine,114000.0,85.0,63.0
75,sugar Beet,706962000.0,336782.0,7279705.0
75,Fully grown Onions,146780000.0,94049.0,1278994.0
75,Garlic,73642000.0,31213.0,268872.0
75,Lfax,16827000.0,11333.0,54067.0
75,Others,10900000.0,1219.648651672821,62202.08123531387
76,Wheat,5146486820.447212,2754630.731962778,7598779.744460315
76,Barley,8062341.260273966,17850.08799999999,28167.47999999998
76,Forestation Alfalfa,225542680.1402854,161403.58568831545,1963174.32
76,Sustains Alfalfa,2852393517.910519,1306848.255016993,38371989.480000004
76,vegetables,746698623.5293511,725543.3065012936,11654276.396657383
76,Medical and Aromatic plants,85808000.0,55734.0,294857.0
76,fully grown Beans,72963000.0,47146.0,63342.0
76,lentils,1305000.0,1360.0,1384.0
76,Fenugreek,4957000.0,2700.0,2743.0
76,chickpeas,8432000.0,3331.0,3195.0
76,Lupine,114000.0,85.0,63.0
76,sugar Beet,706962000.0,336782.0,7279705.0
76,Fully grown Onions,174552000.0,107313.0,1464557.0
76,Garlic,76700000.0,32351.0,277486.0
76,Lfax,16827000.0,11333.0,54067.0
76,Others,10900000.0,1219.648651672821,62202.08123531387
77,Wheat,5143244639.647221,2752801.731962778,7593889.484285804
77,Barley,8062341.260273966,17850.08799999999,28167.47999999998
77,Forestation Alfalfa,225542680.1402854,161403.58568831545,1963174.32
77,Sustains Alfalfa,2857217523.086614,1308674.149339841,38371989.480000004
77,vegetables,749215027.7859302,727450.4121784456,11684744.58390991
77,Medical and Aromatic plants,85808000.0,55734.0,294857.0
77,fully grown Beans,76455000.0,47879.0,64243.0
77,lentils,1305000.0,1360.0,1384.0
77,Fenugreek,4957000.0,2700.0,2743.0
77,chickpeas,8432000.0,3331.0,3195.0
77,Lupine,114000.0,85.0,63.0
77,sugar Beet,706962000.0,336782.0,7279705.0
77,Fully grown Onions,176343000.0,108144.0,1475880.0
77,Garlic,77420000.0,32616.0,279882.0
77,Lfax,16827000.0,11333.0,54067.0
77,Others,10900000.0,1219.648651672821,62202.08123531387
80,Wheat,5212644029.651636,2809108.907113729,8046980.372908021
80,Barley,3072591.1177644683,16173.136776447092,28440.099999999973
80,Forestation Alfalfa,209612726.69020563,153774.73218663753,1982542.6500000001
80,Sustains Alfalfa,3208756342.705299,1428928.988186531,38744394.10000001
80,vegetables,114120158.40101501,562660.6870578537,11843125.434854414
80,Medical and Aromatic plants,101686177.16721423,92855.28607883485,309993.45
80,fully grown Beans,76307755.37190081,54269.58615702478,67710.74999999997
80,lentils,957000.0,1066.0,1123.0
80,Fenugreek,3919183.6734694014,2836.509183673479,2880.60000000001
80,chickpeas,8844139.999999966,3426.5499999999884,3511.5499999999884
80,Lupine,138599.99999998743,101.80689655171591,72.79999999999372
80,sugar Beet,1086493350.7147033,308666.88970282907,6024369.127595702
80,Fully grown Onions,125172084.29249303,100680.56945779204,1773714.8499999999
80,Garlic,56714396.63674296,27493.318371475536,295225.0
80,Lfax,1340000.0,943.0,5086.0
80,Others,10900000.0,1219.648651672821,62202.08123531387
81,Wheat,4625053959.594155,2720348.247180247,7916077.4183404455
81,Barley,2950591.1177644683,15954.136776447092,28440.099999999973
81,Forestation Alfalfa,210864459.87103298,156736.61755020684,1982542.6500000001
81,Sustains Alfalfa,2923161854.8296394,1364276.3773717321,38744394.1
81,vegetables,400990631.72170055,749259.8142925823,11843125.434854414
81,Medical and Aromatic plants,104010562.49452907,55693.48195649145,309993.44999999995
81,fully grown Beans,76049219.83471075,54383.920041322315,67710.75
81,lentils,1135000.0,1264.0,1316.0
81,Fenugreek,4816183.673469386,3415.509183673468,3314.599999999999
81,chickpeas,8899939.999999998,3448.5499999999993,3511.5499999999993
81,Lupine,138599.99999999854,101.80689655172318,72.79999999999927
81,sugar Beet,1087279806.6807117,383893.00333222345,7768409.449999999
81,Fully grown Onions,177069672.18213546,47861.502587902054,829181.2388291123
81,Garlic,699000.0,1117.0,6316.0
81,Lfax,7724000.0,5232.0,26065.0
81,Others,10900000.0,1219.648651672821,62202.08123531387
82,Wheat,4697337546.4659815,2750200.220140105,8091218.100685349
82,Barley,3070591.1177644683,16365.136776447092,29167.099999999973
82,Forestation Alfalfa,192581623.00638157,143310.8774361734,1982542.6500000001
82,Sustains Alfalfa,4775687335.541021,1263282.465190509,38744394.1
82,vegetables,441843323.9518448,718522.1224609548,11843125.434854414
82,Medical and Aromatic plants,108381453.37504473,64958.93688626506,309993.44999999995
82,fully grown Beans,73176155.37190081,54853.38615702479,67710.75
82,lentils,1137000.0,1266.0,1319.0
82,Fenugreek,5040183.673469381,3550.5091836734646,3314.5999999999954
82,chickpeas,9318340.000000007,3647.550000000003,3511.550000000003
82,Lupine,160600.00000000966,115.80689655173046,72.80000000000483
82,sugar Beet,910059516.897071,380467.4361231488,7768409.450000002
82,Fully grown Onions,193347870.8021801,110653.36700993965,1773714.85
82,Garlic,115665509.14127423,45291.15290858725,295225.0
82,Lfax,9617000.0,6501.0,32288.0
82,Others,10900000.0,1219.648651672821,62202.08123531387
83,Wheat,4660045219.398911,2727842.0,8076297.929710035
83,Barley,3392591.1177644683,17249.136776447092,29167.099999999973
83,Forestation Alfalfa,165253220.0006296,123242.6179146293,1982542.6500000004
83,Sustains Alfalfa,4715317420.183988,1312788.4339838768,37894595.23070699
83,vegetables,355733539.6972444,720512.4475190531,11843125.434854414
83,Medical and Aromatic plants,108463647.48239362,65030.37056907252,309993.44999999995
83,fully grown Beans,68822553.71900828,53749.236570247944,67710.75
83,lentils,1167323.2323232323,1288.0,1336.7474747474748
83,Fenugreek,5040183.673469389,3550.50918367347,2880.600000000001
83,chickpeas,9318340.000000004,3647.550000000001,3511.550000000001
83,Lupine,160599.99999999854,115.80689655172318,85.79999999999927
83,sugar Beet,848438245.8547891,375718.9752453668,7768409.45
83,Fully grown Onions,149982510.04096967,110993.64179886453,1773714.85
83,Garlic,91889049.91137406,38761.240711596816,295225.0
83,Lfax,12593000.0,8496.0,42095.0
83,Others,10900000.0,1219.648651672821,62202.08123531387
84,Wheat,4871006918.589745,2825626.6950374926,8091218.100685347
84,Barley,3291591.1177644683,16885.136776447092,28440.099999999973
84,Forestation Alfalfa,300272212.12266153,198005.3168575589,1982542.6500000004
84,Sustains Alfalfa,2924685881.2947206,1326864.4611204294,38744394.1
84,vegetables,724455586.427174,661925.5644637278,11843125.434854418
84,Medical and Aromatic plants,115606696.32256395,70956.74534526319,309993.44999999995
84,fully grown Beans,108063774.79338847,60755.262396694234,67710.75000000001
84,lentils,1305000.0,1360.0,1384.0
84,Fenugreek,4676619.458837075,2815.0,2785.2947610823257
84,chickpeas,8432000.0,3331.0,3195.0
84,Lupine,114000.0,85.0,63.0
84,sugar Beet,1077886612.285605,362562.7851717669,7215471.852556468
84,Fully grown Onions,21058000.0,18546.0,321077.0
84,Garlic,2153000.0,2232.0,13746.0
84,Lfax,16605000.0,11185.0,53389.0
84,Others,10900000.0,1219.648651672821,62202.08123531387
85,Wheat,4778116617.113916,2760132.8467370057,7803203.23819614
85,Barley,3411591.1177644683,17036.520647414836,28707.876336237317
85,Forestation Alfalfa,271519429.25406504,184669.48600146986,1982542.6500000004
85,Sustains Alfalfa,2789452603.378463,1286553.3748372418,38744394.10000001
85,vegetables,475454932.2588198,716504.3281780025,11843125.43485441
85,Medical and Aromatic plants,115729349.32857199,71065.91852395257,309993.44999999995
85,fully grown Beans,72602360.45538716,52224.65346519187,67710.75
85,lentils,1305000.0,1360.0,1384.0
85,Fenugreek,5158203.225806451,2885.616129032258,2880.6
85,chickpeas,8432000.0,3331.0,3195.0
85,Lupine,114000.0,85.0,63.0
85,sugar Beet,976778399.2691853,378158.9796528664,7768409.450000003
85,Fully grown Onions,167341207.3191574,76503.242997202,1094116.7623872843
85,Garlic,2708000.0,2533.0,16455.0
85,Lfax,16653000.0,11217.0,53529.0
85,Others,10900000.0,1219.648651672821,62202.08123531387
86,Wheat,5001898723.893269,2863888.2949983478,8095256.385504871
86,Barley,3411591.117764473,17296.136776447114,28440.100000000017
86,Forestation Alfalfa,254903706.19315925,177045.29235232878,1982542.6500000001
86,Sustains Alfalfa,2780133165.6787295,1220101.4149622107,37277477.96756436
86,vegetables,816328219.2264572,638109.8967143903,11843125.434854416
86,Medical and Aromatic plants,116518478.08359529,71739.15520481042,309993.45000000007
86,fully grown Beans,90576435.95041326,55193.92630853996,67710.75000000001
86,lentils,1305000.0,1360.0,1384.0
86,Fenugreek,4957000.0,2700.0,2743.0
86,chickpeas,8432000.0,3331.0,3195.0
86,Lupine,114000.0,85.0,63.0
86,sugar Beet,906287175.502845,375020.4948030298,7768409.450000001
86,Fully grown Onions,271452359.895638,121637.35504927475,1661091.8575429819
86,Garlic,5582174.5444943225,5482.0,37857.32400316873
86,Lfax,16734000.0,11271.0,53778.0
86,Others,10900000.0,1219.648651672821,62202.08123531387
87,Wheat,5013684842.527459,2864604.9926008745,8095256.385504871
87,Barley,3544591.1177644716,17560.136776447107,28440.100000000002
87,Forestation Alfalfa,251177907.3445204,175919.90180818818,1982542.6500000004
87,Sustains Alfalfa,2806697172.151091,1258588.4787949906,38744394.10000001
87,vegetables,922225794.3410857,580973.229379559,11843125.434854412
87,Medical and Aromatic plants,116605368.84474593,71805.0800943978,309993.44999999995
87,fully grown Beans,90404898.76033056,55175.157713498615,67710.75
87,lentils,1305000.0,1360.0,1384.0
87,Fenugreek,4957000.0,2700.0,2743.0
87,chickpeas,8432000.0,3331.0,3195.0
87,Lupine,114000.0,85.0,63.0
87,sugar Beet,897465158.135007,374681.01525832934,7768409.450000003
87,Fully grown Onions,276862019.3702555,128636.99343044689,1773714.85
87,Garlic,35410884.62439317,17506.98131264811,115702.11873244119
87,Lfax,16827000.0,11333.0,54067.0
87,Others,10900000.0,1219.648651672821,62202.08123531387
88,Wheat,5161116839.425541,2910726.587177864,8095256.385504872
88,Barley,4975057.771664366,18042.947867950454,30052.09999999995
88,Forestation Alfalfa,250135176.13834715,175998.06679578655,1982542.6500000004
88,Sustains Alfalfa,2999349499.8044147,1308587.2477603783,38744394.1
88,vegetables,1116691312.0866866,485805.05923446524,11843125.434854418
88,Medical and Aromatic plants,117900519.40377188,72966.13744926987,309993.4499999999
88,fully grown Beans,90473196.28099172,55218.63980716253,67710.75
88,lentils,1305000.0,1360.0,1384.0
88,Fenugreek,4957000.0,2700.0,2743.0
88,chickpeas,8432000.0,3331.0,3195.0
88,Lupine,114000.0,85.0,63.0
88,sugar Beet,897217259.9696418,374687.50166095654,7768409.450000003
88,Fully grown Onions,275110674.0452565,128564.5894876222,1773714.8499999999
88,Garlic,27182495.16966357,14855.189927924674,105181.8991144578
88,Lfax,16827000.0,11333.0,54067.0
88,Others,10900000.0,1219.648651672821,62202.08123531387
90,Wheat,5283653807.202915,2907743.04407611,8095256.38550487
90,Barley,4775057.771664366,17377.947867950454,28440.09999999995
90,Forestation Alfalfa,248042582.57494572,175035.66008359622,1982542.6500000004
90,Sustains Alfalfa,2976371394.869471,1326773.9673860322,38744394.1
90,vegetables,874014938.7047026,607002.1092557877,11843125.434854414
90,Medical and Aromatic plants,91298695.68595076,59341.918464270086,309993.45
90,fully grown Beans,82993725.20661156,53044.23760330578,67710.75
90,lentils,1305000.0,1360.0,1384.0
90,Fenugreek,4957000.0,2700.0,2743.0
90,chickpeas,8432000.0,3331.0,3195.0
90,Lupine,114000.0,85.0,63.0
90,sugar Beet,679893661.8986617,330069.0824323278,6950911.494435723
90,Fully grown Onions,90287000.0,64064.0,884866.0
90,Garlic,7260000.0,5000.0,32609.0
90,Lfax,16827000.0,11333.0,54067.0
90,Others,10900000.0,1219.648651672821,62202.08123531387
91,Wheat,5294853184.620951,2906360.3101757253,8095256.385504873
91,Barley,5227057.771664366,17787.947867950454,28440.09999999995
91,Forestation Alfalfa,248042582.57494566,175035.6600835962,1982542.6500000001
91,Sustains Alfalfa,2985567365.7065754,1333190.7717498364,38744394.1
91,vegetables,860082955.2986943,617356.721748236,11843125.434854414
91,Medical and Aromatic plants,91298695.68595073,59341.91846427008,309993.45
91,fully grown Beans,82993725.20661159,53044.237603305795,67710.75
91,lentils,1305000.0,1360.0,1384.0
91,Fenugreek,4957000.0,2700.0,2743.0
91,chickpeas,8432000.0,3331.0,3195.0
91,Lupine,114000.0,85.0,63.0
91,sugar Beet,593326380.0487742,310643.0,6646586.1833013175
91,Fully grown Onions,92975000.0,65521.0,908704.0
91,Garlic,15246000.0,7170.399476460067,49898.76469206674
91,Lfax,16827000.0,11333.0,54067.0
91,Others,10900000.0,1219.648651672821,62202.08123531387
92,Wheat,5141844959.952389,2821101.7913085185,7819442.167265734
92,Barley,9907057.771664366,25910.947867950454,30052.09999999995
92,Forestation Alfalfa,227275762.2596889,162288.51075467755,1982542.6500000008
92,Sustains Alfalfa,2981261279.076554,1343040.2265053664,38744394.10000001
92,vegetables,575559926.839833,682932.490732867,11035086.00573472
92,Medical and Aromatic plants,81019000.0,53656.0,291950.0
92,fully grown Beans,58739000.0,42632.0,57434.0
92,lentils,1305000.0,1360.0,1384.0
92,Fenugreek,4957000.0,2700.0,2743.0
92,chickpeas,8432000.0,3331.0,3195.0
92,Lupine,114000.0,85.0,63.0
92,sugar Beet,613677000.0,311935.0,6715223.0
92,Fully grown Onions,134141000.0,87693.0,1194099.0
92,Garlic,23669000.0,11621.0,93333.0
92,Lfax,16827000.0,11333.0,54067.0
92,Others,10900000.0,1219.648651672821,62202.08123531387
93,Wheat,5478691197.239688,2912379.638045525,8037218.631670817
93,Barley,12073463.561643839,23848.660000000003,34787.100000000006
93,Forestation Alfalfa,227275762.25968888,162288.51075467753,1982542.6500000001
93,Sustains Alfalfa,2833552020.444691,1291609.8292453224,38641182.131511316
93,vegetables,520869600.0611109,605911.3291238553,9754195.844633222
93,Medical and Aromatic plants,84952000.0,55411.0,294317.0
93,fully grown Beans,65587000.0,45353.0,60792.0
93,lentils,1305000.0,1360.0,1384.0
93,Fenugreek,4957000.0,2700.0,2743.0
93,chickpeas,8432000.0,3331.0,3195.0
93,Lupine,114000.0,85.0,63.0
93,sugar Beet,681938000.0,330429.0,7073932.0
93,Fully grown Onions,135346000.0,88305.0,1202363.0
93,Garlic,63391000.0,27275.0,239385.0
93,Lfax,16827000.0,11333.0,54067.0
93,Others,10900000.0,1219.648651672821,62202.08123531387
94,Wheat,5317337232.240562,2828733.731962778,7791118.897710546
94,Barley,12073463.561643839,23848.660000000003,34787.100000000006
94,Forestation Alfalfa,227275762.25968888,162288.51075467753,1982542.6500000001
94,Sustains Alfalfa,2848037474.3536143,1302244.3200272054,38744394.099999994
94,vegetables,665818105.0052096,666840.7444247191,10711120.310917899
94,Medical and Aromatic plants,85808000.0,55734.0,294857.0
94,fully grown Beans,65835000.0,45443.0,60883.0
94,lentils,1305000.0,1360.0,1384.0
94,Fenugreek,4957000.0,2700.0,2743.0
94,chickpeas,8432000.0,3331.0,3195.0
94,Lupine,114000.0,85.0,63.0
94,sugar Beet,706962000.0,336782.0,7279705.0
94,Fully grown Onions,140948000.0,91137.0,1237889.0
94,Garlic,69857000.0,29759.0,255630.0
94,Lfax,16827000.0,11333.0,54067.0
94,Others,10900000.0,1219.648651672821,62202.08123531387
95,Wheat,5294768676.971528,2815213.731962778,7762414.9364699805
95,Barley,12073463.561643839,23848.660000000003,34787.100000000006
95,Forestation Alfalfa,227275762.25968888,162288.51075467753,1982542.6500000001
95,Sustains Alfalfa,2856851752.5620794,1306383.2304516041,38744394.1
95,vegetables,681288310.714602,671471.8340003204,11010586.403716523
95,Medical and Aromatic plants,85808000.0,55734.0,294857.0
95,fully grown Beans,66956000.0,45827.0,61359.0
95,lentils,1305000.0,1360.0,1384.0
95,Fenugreek,4957000.0,2700.0,2743.0
95,chickpeas,8432000.0,3331.0,3195.0
95,Lupine,114000.0,85.0,63.0
95,sugar Beet,706962000.0,336782.0,7279705.0
95,Fully grown Onions,146780000.0,94049.0,1278994.0
95,Garlic,73642000.0,31213.0,268872.0
95,Lfax,16827000.0,11333.0,54067.0
95,Others,10900000.0,1219.648651672821,62202.08123531387
