sol_index,City,Labels,Rice,Maize,Sorghum,Sugar cane,Sunflower,Soybean,Sesame,Peanuts,vegetables,Cotton,Green folder,Fully grown Onions
Orginal,Cairo,Water,0.0,0.0,63000.0,0.0,0.0,3000.0,0.0,286000.0,0.0,0.0,0,0
Orginal,Cairo,Area,0.0,0.0,8.0,0.0,0.0,1.0,0.0,33595.90608274682,0.0,0.0,0,0
Orginal,Cairo,Production,0.0,0.0,232.0,0.0,0.0,0.5,0.0,520342.20567910385,0.0,0.0,0,0
Orginal,Alexandria,Water,4552000.0,21484000.0,367000.0,259000.0,108267000.0,3386000.0,2476000.0,0,0,0,0,0
Orginal,Alexandria,Area,2465.0,46737.0,620.0,1665.0,79971.15326299384,1708.0,2065.0,0,0,0,0,0
Orginal,Alexandria,Production,9218.0,137891.0,571.0,659.0,1238614.1983215604,1929.0,26028.0,0,0,0,0,0
Orginal,Port said,Water,117485000.0,0.0,33646000.0,0.0,0.0,0.0,3983000.0,0.0,1018000.0,19270000.0,46353000.0,0.0
Orginal,Port said,Area,18195.0,0.0,9849.0,0.0,0.0,0.0,1306.0,0.0,2085.940654259328,6198.0,15143.0,0.0
Orginal,Port said,Production,54694.0,0.0,24093.0,0.0,0.0,0.0,580.0,0.0,32307.595999335776,6345.0,222730.0,0.0
Orginal,Suez,Water,0.0,0.0,16101000.0,0.0,0.0,0.0,583000.0,0.0,6101000.0,0.0,8534000.0,0.0
Orginal,Suez,Area,0.0,0.0,5187.0,0.0,0.0,0.0,328.0,0.0,3940.0,0.0,2999.0,0.0
Orginal,Suez,Production,0.0,0.0,11311.0,0.0,0.0,0.0,146.0,0.0,34596.45,0.0,40147.0,0.0
Orginal,Damietta,Water,269677000.0,0.0,10418000.0,63000.0,0.0,80000.0,6000.0,0.0,90410000.0,27017000.0,31109000.0,149000.0
Orginal,Damietta,Area,47059.0,0.0,2393.0,8.0,0.0,25.0,2.0,0.0,87887.0,8721.0,10163.0,92.0
Orginal,Damietta,Production,162307.0,0.0,7618.0,205.0,0.0,35.0,1.0,0.0,1361220.0,9925.0,98519.0,1298.0
Orginal,Dakahlia,Water,1310861000.0,0.0,207399000.0,1974000.0,149000.0,21594000.0,1022000.0,0.0,158738000.0,118269000.0,33396000.0,533000.0
Orginal,Dakahlia,Area,228275.0,0.0,155024.0,252.0,52.0,6749.0,335.0,0.0,2085.940654259328,51858.0,10913.0,287.0
Orginal,Dakahlia,Production,832509.0,0.0,604316.0,9708.0,41.0,8307.0,146.0,0.0,32307.595999335776,78104.0,185591.0,3695.0
Orginal,Sharkia,Water,975672000.0,0.0,779188000.0,0.0,1082000.0,3106000.0,28938000.0,48230000.0,132980000.0,121985000.0,72215000.0,4000.0
Orginal,Sharkia,Area,187054.0,0.0,290789.0,0.0,377.0,1136.0,12447.0,18625.0,33595.90608274682,49522.0,32773.0,2.5
Orginal,Sharkia,Production,632597.0,0.0,1014374.0,0.0,311.0,1334.0,7473.0,29211.0,520342.20567910385,69281.0,667529.0,31.0
Orginal,Quliubiya,Water,12475000.0,0.0,255265000.0,3291000.0,0.0,813000.0,92000.0,1446000.0,40937000.0,224000.0,36212000.0,0.0
Orginal,Quliubiya,Area,1932.0,0.0,84462.0,420.0,0.0,254.0,30.0,474.0,79971.15326299384,72.0,11830.0,0.0
Orginal,Quliubiya,Production,5945.0,0.0,286364.0,14067.0,0.0,384.0,16.0,758.0,1238614.1983215604,81.0,182395.0,0.0
Orginal,Kafr el sheikh,Water,1195849000.0,0.0,219270000.0,752000.0,0.0,541000.0,522000.0,18000.0,88715000.0,327496000.0,75845000.0,0.0
Orginal,Kafr el sheikh,Area,190460.0,0.0,69365.0,96.0,0.0,169.0,171.0,6.0,2175.940654259328,106541.0,24783.0,0.0
Orginal,Kafr el sheikh,Production,760126.0,0.0,245253.0,3959.0,0.0,155.0,94.0,7.0,32307.595999335776,119529.0,336737.0,0.0
Orginal,Gharbia,Water,387853000.0,0.0,249533000.0,0.0,34000.0,2133000.0,683000.0,223000.0,70556000.0,44263000.0,17644000.0,0.0
Orginal,Gharbia,Area,60067.0,0.0,110279.0,0.0,12.0,666.0,224.0,73.0,33595.90608274682,14237.0,5764.0,0.0
Orginal,Gharbia,Production,222849.0,0.0,363272.0,0.0,36.0,886.0,129.0,100.0,520342.20567910385,20046.0,69079.0,0.0
Orginal,Monoufia,Water,0.0,0.0,689161000.0,0.0,0.0,42000.0,912000.0,166071000.0,7511000.0,3291000.0,744000.0,0
Orginal,Monoufia,Area,0.0,0.0,168697.0,0.0,0.0,13.0,299.0,79971.15326299384,2416.0,1075.0,345.0,0
Orginal,Monoufia,Production,0.0,0.0,629690.0,0.0,0.0,38.0,469.0,1238614.1983215604,3516.0,12642.0,4704.0,0
Orginal,Behaira,Water,751795000.0,0.0,868114000.0,337000.0,7035000.0,544000.0,30653000.0,26962000.0,401184000.0,179007000.0,69221000.0,896000.0
Orginal,Behaira,Area,116431.0,0.0,290455.0,43.0,3952.0,170.0,10400.0,10840.0,2085.940654259328,57577.0,22614.0,606.0
Orginal,Behaira,Production,419967.0,0.0,974584.0,1141.0,4358.0,232.0,6442.0,15588.0,32307.595999335776,68557.0,268329.0,9157.0
Orginal,Ismailia,Water,29896000.0,0.0,99076000.0,0.0,0.0,23000.0,6722000.0,13401000.0,70098000.0,1455000.0,10710000.0,15000.0
Orginal,Ismailia,Area,4710.0,0.0,34571.0,0.0,0.0,23.0,3576.0,8320.0,32505.705042007296,1735.0,5156.0,21.0
Orginal,Ismailia,Production,16048.0,0.0,116176.0,0.0,0.0,16.0,1887.0,14530.0,520342.20567910385,2027.0,114189.0,215.0
Orginal,Giza,Water,0.0,2240000.0,137920000.0,18867000.0,941000.0,0.0,9552000.0,6361000.0,148240000.0,0.0,68957000.0,9747000.0
Orginal,Giza,Area,0.0,1050.0,44223.0,1970.0,280.0,0.0,3034.0,2672.0,16587.0,0.0,18827.0,2759.0
Orginal,Giza,Production,0.0,2438.0,137225.0,78804.0,1036.0,0.0,1811.0,4826.0,841124.0,0.0,285976.0,44607.0
Orginal,Beni sweif,Water,1396000.0,23365000.0,628138000.0,1867000.0,676000.0,12136000.0,6848000.0,880000.0,40132000.0,42689000.0,33950000.0,0.0
Orginal,Beni sweif,Area,207.0,6252.0,146405.0,262.0,233.0,3006.0,3408.0,1132.0,55814.2453,10294.0,14607.0,0.0
Orginal,Beni sweif,Production,768.0,12991.0,405229.0,8100.0,458.0,4460.0,1941.0,1694.0,630667.9,13279.0,134093.0,0.0
Orginal,Fayoum,Water,3230000.0,532630000.0,467861000.0,2270000.0,8369000.0,24000.0,11082000.0,122000.0,67024000.0,147054000.0,0.0,0
Orginal,Fayoum,Area,479.0,130803.0,102501.0,237.0,3115.0,6.0,3086.0,35.0,16162.0,39144.0,0.0,0
Orginal,Fayoum,Production,1505.0,242096.0,261863.0,5814.0,2389.0,4.0,1600.0,8.0,21051.0,222191.0,0.0,0
Orginal,Minya,Water,0.0,62163000.0,1039294000.0,372086000.0,3858000.0,97326000.0,10346000.0,12805000.0,171438000.0,6731000.0,8394000.0,0.0
Orginal,Minya,Area,0.0,17906.0,295449.0,39247.0,1278.0,23971.0,4656.0,7027.0,32505.705042007296,1623.0,3017.0,0.0
Orginal,Minya,Production,0.0,43951.0,801407.0,1562657.0,1228.0,28517.0,3081.0,11025.0,1238614.1983215604,2109.0,31152.0,0.0
Orginal,Assuit,Water,249104000.0,812799000.0,11024000.0,446000.0,7124000.0,1959000.0,1680000.0,18503000.0,19037000.0,40844000.0,0.0,0
Orginal,Assuit,Area,65435.0,208073.0,1081.0,244.0,1542.0,901.0,791.0,1090.201040739524,4474.0,12055.0,0.0,0
Orginal,Assuit,Production,176966.0,569782.0,35334.0,611.0,1915.0,447.0,1330.0,32307.595999335776,6567.0,249369.0,0.0,0
Orginal,Sohag,Water,0.0,384894000.0,654721000.0,120843000.0,43000.0,855000.0,3557000.0,3652000.0,22437000.0,3787000.0,91737000.0,0.0
Orginal,Sohag,Area,0.0,99603.0,162455.0,13508.0,12.0,179.0,2011.0,2145.0,17004.0,890.0,22237.0,0.0
Orginal,Sohag,Production,0.0,227485.0,461355.0,599927.0,18.0,286.0,1284.0,3434.0,271663.0,1228.0,185413.0,0.0
Orginal,Qena,Water,0.0,131692000.0,157571000.0,1148109000.0,0.0,0.0,2561000.0,122000.0,7759000.0,0.0,9977000.0,0.0
Orginal,Qena,Area,0.0,34133.0,39404.0,118075.0,0.0,0.0,783.0,33.0,19843.0,0.0,3280.0,0.0
Orginal,Qena,Production,0.0,75043.0,75118.0,5846576.0,0.0,0.0,484.0,23.0,1006248.0,0.0,114033.0,0.0
Orginal,Aswan,Water,0.0,6130000.0,27204000.0,609526000.0,0.0,157000.0,4000.0,5252000.0,2567000.0,0.0,0,0
Orginal,Aswan,Area,0.0,8109.0,11825.0,85869.0,0.0,2173.0,461.0,32505.705042007296,980.0,0.0,0,0
Orginal,Aswan,Production,0.0,16190.0,26223.0,4536367.0,0.0,1221.0,600.0,32307.595999335776,3933.0,0.0,0,0
Orginal,Luxor,Water,0.0,5854000.0,70008000.0,557601000.0,0.0,0.0,774000.0,34000.0,11129000.0,0.0,14665000.0,0.0
Orginal,Luxor,Area,0.0,2208.0,15748.0,66345.0,0.0,0.0,489.0,84.0,1412.0,0.0,5477.0,0.0
Orginal,Luxor,Production,0.0,4979.0,34578.0,3120212.0,0.0,0.0,247.0,69.0,245772.0,0.0,67094.0,0.0
Solution 2,Cairo,Water,0,0,763152.1739130435,0,0,0,0,0,0,0,0,0
Solution 2,Cairo,Area,0,0,595.0,0,0,0,0,0,0,0,0,0
Solution 2,Cairo,Production,0,0,1172.753623188406,0,0,0,0,0,0,0,0,0
Solution 2,Alexandria,Water,0,0,0,258999.99999999997,0,0,3386000.0,0,0,0,0,0
Solution 2,Alexandria,Area,0,0,0,1665.0,0,0,1708.0,0,0,0,0,0
Solution 2,Alexandria,Production,0,0,0,659.0,0,0,1929.0,0,0,0,0,0
Solution 2,Port said,Water,0,0,173186883.5414763,0,0,0,0,0,1018000.0,0,0,0
Solution 2,Port said,Area,0,0,50696.0,0,0,0,0,0,2085.940654259328,0,0,0
Solution 2,Port said,Production,0,0,124014.49162351507,0,0,0,0,0,32307.595999335776,0,0,0
Solution 2,Suez,Water,0,0,38658541.35338346,0,0,0,0,0,0,0,0,0
Solution 2,Suez,Area,0,0,12454.0,0,0,0,0,0,0,0,0,0
Solution 2,Suez,Production,0,0,27157.739348370927,0,0,0,0,0,0,0,0,0
Solution 2,Damietta,Water,895311135.8294907,0,0,0,0,80000.0,0,0,0,0,0,0
Solution 2,Damietta,Area,156233.0,0,0,0,0,25.0,0,0,0,0,0,0
Solution 2,Damietta,Production,538849.3068488494,0,0,0,0,35.0,0,0,0,0,0,0
Solution 2,Dakahlia,Water,1310861000.0,0,225691356.14325994,1974000.0,0,21594000.0,0,0,0,118269000.0,0,0
Solution 2,Dakahlia,Area,228275.0,0,168696.94065425932,252.0,0,6749.0,0,0,0,51858.0,0,0
Solution 2,Dakahlia,Production,832509.0,0,657615.9845470338,9708.0,0,8307.0,0,0,0,78104.0,0,0
Solution 2,Sharkia,Water,2832360919.5610137,0,0,0,0,3106000.0,0,0,0,121985000.0,72215000.0,0
Solution 2,Sharkia,Area,543014.9060827468,0,0,0,0,1136.0,0,0,0,49522.0,32773.0,0
Solution 2,Sharkia,Production,1836419.432587528,0,0,0,0,1334.0,0,0,0,69281.0,667529.0,0
Solution 2,Quliubiya,Water,0,0,543633131.2031225,0,0,0,0,0,0,0,0,0
Solution 2,Quliubiya,Area,0,0,179877.15326299384,0,0,0,0,0,0,0,0,0
Solution 2,Quliubiya,Production,0,0,609864.0941133761,0,0,0,0,0,0,0,0,0
Solution 2,Kafr el sheikh,Water,0,0,1244659343.000929,752000.0,0,0,0,0,0,0,0,0
Solution 2,Kafr el sheikh,Area,0,0,393741.94065425935,96.0,0,0,0,0,0,0,0,0
Solution 2,Kafr el sheikh,Production,0,0,1392148.665339567,3959.0,0,0,0,0,0,0,0,0
Solution 2,Gharbia,Water,0,0,511099053.0612905,0,0,0,0,0,0,0,0,0
Solution 2,Gharbia,Area,0,0,225875.9060827468,0,0,0,0,0,0,0,0,0
Solution 2,Gharbia,Production,0,0,744061.808272578,0,0,0,0,0,0,0,0,0
Solution 2,Monoufia,Water,0,0,0,0,0,41273499.47368421,0,0,0,590602021.0864618,153275043.90590996,0
Solution 2,Monoufia,Area,0,0,0,0,0,12775.130789473682,0,0,0,189973.9692377702,50067.05323574998,0
Solution 2,Monoufia,Production,0,0,0,0,0,37342.68999999999,0,0,0,276468.74,588788.5460524197,0
Solution 2,Behaira,Water,0,0,1533882585.278724,0,7035000.0,0,0,0,0,0,0,0
Solution 2,Behaira,Area,0,0,513208.94065425935,0,3952.0,0,0,0,0,0,0,0
Solution 2,Behaira,Production,0,0,1722005.8949530586,0,4358.0,0,0,0,0,0,0,0
Solution 2,Ismailia,Water,0,0,217054434.7789163,0,0,0,13401000.0,0,10710000.0,0,0,0
Solution 2,Ismailia,Area,0,0,75737.70504200729,0,0,0,8320.0,0,5156.0,0,0,0
Solution 2,Ismailia,Production,0,0,254516.89627029127,0,0,0,14530.0,0,114189.0,0,0,0
Solution 2,Giza,Water,0,195931733.33333334,0,0,0,0,0,0,0,0,0,0
Solution 2,Giza,Area,0,91843.0,0,0,0,0,0,0,0,0,0,0
Solution 2,Giza,Production,0,213250.699047619,0,0,0,0,0,0,0,0,0,0
Solution 2,Beni sweif,Water,0,0,0,1664239847.2332063,0,0,0,880000.0,0,0,33950000.0,0
Solution 2,Beni sweif,Area,0,0,0,233546.2453,0,0,0,1132.0,0,0,14607.0,0
Solution 2,Beni sweif,Production,0,0,0,7220322.850877862,0,0,0,1694.0,0,0,134093.0,0
Solution 2,Fayoum,Water,0,0,0,0,8368999.999999999,0,0,0,0,0,1127014646.8076334,0
Solution 2,Fayoum,Area,0,0,0,0,3115.0,0,0,0,0,0,299997.697,0
Solution 2,Fayoum,Production,0,0,0,0,0,0,0,0,0,0,1702860.9312826234,0
Solution 2,Minya,Water,0,494353775.80770963,1741868305.2671878,0,0,0,0,0,0,0,0,0
Solution 2,Minya,Area,0,142398.1903964231,286525.5146455842,0,0,0,0,0,0,0,0,0
Solution 2,Minya,Production,0,349522.1080148102,777201.9980286739,0,0,0,0,0,0,0,0,0
Solution 2,Assuit,Water,0,0,1158642653.3996015,0,4553849.787234042,0,0,0,0,0,0,0
Solution 2,Assuit,Area,0,0,296607.4673084185,0,2491.3438297872335,0,0,0,0,0,0,0
Solution 2,Assuit,Production,0,0,812222.6138803464,0,6238.569999999999,0,0,0,0,0,0,0
Solution 2,Sohag,Water,0,0,654721000.0,848215058.2598497,43000.0,855000.0,77177467.30140182,71908156.5055329,33865478.945675105,3787000.0,159347476.58187473,0
Solution 2,Sohag,Area,0,0,52852.82783317032,94814.66867732554,12.0,179.0,43633.36709112147,42235.21240535818,25665.133662800697,890.0,38625.743557682814,0
Solution 2,Sohag,Production,0,0,0.0,4210977.179122141,0,0,27859.394999999993,67615.72,410036.8858055414,0,322063.00266495673,0
Solution 2,Qena,Water,0,0,0,0,0,0,0,0,84284644.91256362,0,0,0
Solution 2,Qena,Area,0,0,0,0,0,0,0,0,215551.0,0,0,0
Solution 2,Qena,Production,0,0,0,0,0,0,0,0,10930694.08093534,0,0,0
Solution 2,Aswan,Water,0,0,0,0,5252000.0,0,0,0,0,0,0,0
Solution 2,Aswan,Area,0,0,0,0,32505.705042007296,0,0,0,0,0,0,0
Solution 2,Aswan,Production,0,0,0,0,32307.595999335776,0,0,0,0,0,0,0
Solution 2,Luxor,Water,0,241769139.49275362,0,0,0,0,774000.0,34000.0,0,0,0,0
Solution 2,Luxor,Area,0,91190.0,0,0,0,0,489.0,84.0,0,0,0,0
Solution 2,Luxor,Production,0,205631.7980072464,0,0,0,0,247.0,69.0,0,0,0,0
Solution 20,Cairo,Water,0,0,763152.1739130435,0,0,0,0,0,0,0,0,0
Solution 20,Cairo,Area,0,0,595.0,0,0,0,0,0,0,0,0,0
Solution 20,Cairo,Production,0,0,1172.753623188406,0,0,0,0,0,0,0,0,0
Solution 20,Alexandria,Water,0,0,0,258999.99999999997,0,0,3386000.0,0,0,0,0,0
Solution 20,Alexandria,Area,0,0,0,1665.0,0,0,1708.0,0,0,0,0,0
Solution 20,Alexandria,Production,0,0,0,659.0,0,0,1929.0,0,0,0,0,0
Solution 20,Port said,Water,0,0,180312841.43092796,0,0,0,0,0,0,0,0,0
Solution 20,Port said,Area,0,0,52781.94065425933,0,0,0,0,0,0,0,0,0
Solution 20,Port said,Production,0,0,129117.19932816226,0,0,0,0,0,0,0,0,0
Solution 20,Suez,Water,0,0,38658541.35338346,0,0,0,0,0,0,0,0,0
Solution 20,Suez,Area,0,0,12454.0,0,0,0,0,0,0,0,0,0
Solution 20,Suez,Production,0,0,27157.739348370927,0,0,0,0,0,0,0,0,0
Solution 20,Damietta,Water,895981617.7564334,0,0,0,0,0,0,0,0,0,0,0
Solution 20,Damietta,Area,156350.0,0,0,0,0,0,0,0,0,0,0,0
Solution 20,Damietta,Production,539252.8411143458,0,0,0,0,0,0,0,0,0,0,0
Solution 20,Dakahlia,Water,0,0,611230556.6670499,0,0,0,0,0,0,0,0,0
Solution 20,Dakahlia,Area,0,0,456874.94065425935,0,0,0,0,0,0,0,0,0
Solution 20,Dakahlia,Production,0,0,1780994.1469476947,0,0,0,0,0,0,0,0,0
Solution 20,Sharkia,Water,3261623947.4567018,0,0,0,0,3106000.0,0,0,0,0,0,0
Solution 20,Sharkia,Area,625312.4060827468,0,0,0,0,1136.0,0,0,0,0,0,0
Solution 20,Sharkia,Production,2114740.941924404,0,0,0,0,1334.0,0,0,0,0,0,0
Solution 20,Quliubiya,Water,0,0,543633131.2031225,0,0,0,0,0,0,0,0,0
Solution 20,Quliubiya,Area,0,0,179877.15326299384,0,0,0,0,0,0,0,0,0
Solution 20,Quliubiya,Production,0,0,609864.0941133761,0,0,0,0,0,0,0,0,0
Solution 20,Kafr el sheikh,Water,0,0,1244962809.014048,0,0,0,0,0,0,0,0,0
Solution 20,Kafr el sheikh,Area,0,0,393837.94065425935,0,0,0,0,0,0,0,0,0
Solution 20,Kafr el sheikh,Production,0,0,1392488.091390169,0,0,0,0,0,0,0,0,0
Solution 20,Gharbia,Water,0,0,511099053.0612905,0,0,0,0,0,0,0,0,0
Solution 20,Gharbia,Area,0,0,225875.9060827468,0,0,0,0,0,0,0,0,0
Solution 20,Gharbia,Production,0,0,744061.808272578,0,0,0,0,0,0,0,0,0
Solution 20,Monoufia,Water,0,0,0,0,0,51008314.736842066,0,0,0,736885884.4292129,0,0
Solution 20,Monoufia,Area,0,0,0,0,0,15788.28789473683,0,0,0,237027.86536825701,0,0
Solution 20,Monoufia,Production,0,0,0,0,0,46150.37999999996,0,0,0,344946.1815541356,0,0
Solution 20,Behaira,Water,0,0,1533882585.278724,0,7035000.0,0,0,0,0,0,0,0
Solution 20,Behaira,Area,0,0,513208.94065425935,0,3952.0,0,0,0,0,0,0,0
Solution 20,Behaira,Production,0,0,1722005.8949530586,0,4358.0,0,0,0,0,0,0,0
Solution 20,Ismailia,Water,0,0,240898475.15958214,0,0,0,0,0,10710000.0,0,0,0
Solution 20,Ismailia,Area,0,0,84057.70504200729,0,0,0,0,0,5156.0,0,0,0
Solution 20,Ismailia,Production,0,0,282476.29345290095,0,0,0,0,0,114189.0,0,0,0
Solution 20,Giza,Water,0,195931733.33333334,0,0,0,0,0,0,0,0,0,0
Solution 20,Giza,Area,0,91843.0,0,0,0,0,0,0,0,0,0,0
Solution 20,Giza,Production,0,213250.699047619,0,0,0,0,0,0,0,0,0,0
Solution 20,Beni sweif,Water,0,0,0,1776395240.3629773,0,0,0,0,0,0,0,0
Solution 20,Beni sweif,Area,0,0,0,249285.2453,0,0,0,0,0,0,0,0
Solution 20,Beni sweif,Production,0,0,0,7706910.255458015,0,0,0,0,0,0,0,0
Solution 20,Fayoum,Water,0,532630000.0,467861000.0,2270000.0,8368999.999999999,24000.0,11082000.0,122000.0,36694000.0,264718846.37478575,147054000.0,0
Solution 20,Fayoum,Area,0,48293.94687047703,102501.0,237.0,3115.0,6.0,3086.0,35.0,1072.697,63833.64160762244,39144.0,0
Solution 20,Fayoum,Production,0,0.0,0,0,0,0,0,0,0,83143.29844586438,0,0
Solution 20,Minya,Water,0,504139386.7828432,1149699434.110493,0,0,0,0,0,0,0,271844289.586829,0
Solution 20,Minya,Area,0,145216.92742843155,185999.5794144498,0,0,0,0,0,0,0,97707.19819912592,0
Solution 20,Minya,Production,0,356440.81187350577,504524.8585705011,0,0,0,0,0,0,0,1008874.590089218,0
Solution 20,Assuit,Water,0,0,812799000.0,11024000.0,4634560.458265157,7123999.999999999,1959000.0,1680000.0,18503000.0,19037000.0,399918589.2417903,0
Solution 20,Assuit,Area,0,0,165236.57270146086,1081.0,2535.499443535198,1542.0,901.0,791.0,1090.201040739524,4474.0,118034.92785500392,0
Solution 20,Assuit,Production,0,0,0.0,0,6349.140000000025,0,0,0,0,0,2441663.369910782,0
Solution 20,Sohag,Water,0,0,654721000.0,784827332.5992453,43000.0,855000.0,78684192.00155762,90051939.10308677,40602418.21623967,3787000.0,91736999.99999999,0
Solution 20,Sohag,Area,0,0,80848.97391620153,87729.09981339925,12.0,179.0,44485.21510124611,52891.95218404193,30770.75898511117,890.0,22237.0,0
Solution 20,Sohag,Production,0,0,0.0,3896287.8045419883,0,0,28403.290000000005,84676.44,491606.48660152056,0,0,0
Solution 20,Qena,Water,0,0,0,0,0,0,0,0,84815258.37826942,0,0,0
Solution 20,Qena,Area,0,0,0,0,0,0,0,0,216908.0,0,0,0
Solution 20,Qena,Production,0,0,0,0,0,0,0,0,10999508.198558684,0,0,0
Solution 20,Aswan,Water,0,0,0,0,5252000.0,0,0,0,0,0,0,0
Solution 20,Aswan,Area,0,0,0,0,32505.705042007296,0,0,0,0,0,0,0
Solution 20,Aswan,Production,0,0,0,0,32307.595999335776,0,0,0,0,0,0,0
Solution 20,Luxor,Water,0,243065609.60144928,0,0,0,0,0,34000.0,0,0,0,0
Solution 20,Luxor,Area,0,91679.0,0,0,0,0,0,84.0,0,0,0,0
Solution 20,Luxor,Production,0,206734.48414855075,0,0,0,0,0,69.0,0,0,0,0
Solution 21,Cairo,Water,0,0,763152.1739130435,0,0,0,0,0,0,0,0,0
Solution 21,Cairo,Area,0,0,595.0,0,0,0,0,0,0,0,0,0
Solution 21,Cairo,Production,0,0,1172.753623188406,0,0,0,0,0,0,0,0,0
Solution 21,Alexandria,Water,0,0,0,258999.99999999997,0,0,3386000.0,0,0,0,0,0
Solution 21,Alexandria,Area,0,0,0,1665.0,0,0,1708.0,0,0,0,0,0
Solution 21,Alexandria,Production,0,0,0,659.0,0,0,1929.0,0,0,0,0,0
Solution 21,Port said,Water,0,0,180312841.43092796,0,0,0,0,0,0,0,0,0
Solution 21,Port said,Area,0,0,52781.94065425933,0,0,0,0,0,0,0,0,0
Solution 21,Port said,Production,0,0,129117.19932816226,0,0,0,0,0,0,0,0,0
Solution 21,Suez,Water,0,0,38658541.35338346,0,0,0,0,0,0,0,0,0
Solution 21,Suez,Area,0,0,12454.0,0,0,0,0,0,0,0,0,0
Solution 21,Suez,Production,0,0,27157.739348370927,0,0,0,0,0,0,0,0,0
Solution 21,Damietta,Water,895981617.7564334,0,0,0,0,0,0,0,0,0,0,0
Solution 21,Damietta,Area,156350.0,0,0,0,0,0,0,0,0,0,0,0
Solution 21,Damietta,Production,539252.8411143458,0,0,0,0,0,0,0,0,0,0,0
Solution 21,Dakahlia,Water,0,0,532823128.18500835,0,0,21594000.0,0,0,0,118269000.0,0,0
Solution 21,Dakahlia,Area,0,0,398267.94065425935,0,0,6749.0,0,0,0,51858.0,0,0
Solution 21,Dakahlia,Production,0,0,1552531.7939442887,0,0,8307.0,0,0,0,78104.0,0,0
Solution 21,Sharkia,Water,3090667231.0218754,0,0,0,0,3106000.0,0,0,0,0,72215000.0,0
Solution 21,Sharkia,Area,592536.9060827468,0,0,0,0,1136.0,0,0,0,0,32773.0,0
Solution 21,Sharkia,Production,2003897.6401318733,0,0,0,0,1334.0,0,0,0,0,667529.0,0
Solution 21,Quliubiya,Water,0,0,543633131.2031225,0,0,0,0,0,0,0,0,0
Solution 21,Quliubiya,Area,0,0,179877.15326299384,0,0,0,0,0,0,0,0,0
Solution 21,Quliubiya,Production,0,0,609864.0941133761,0,0,0,0,0,0,0,0,0
Solution 21,Kafr el sheikh,Water,0,0,1244659343.000929,752000.0,0,0,0,0,0,0,0,0
Solution 21,Kafr el sheikh,Area,0,0,393741.94065425935,96.0,0,0,0,0,0,0,0,0
Solution 21,Kafr el sheikh,Production,0,0,1392148.665339567,3959.0,0,0,0,0,0,0,0,0
Solution 21,Gharbia,Water,0,0,511099053.0612905,0,0,0,0,0,0,0,0,0
Solution 21,Gharbia,Area,0,0,225875.9060827468,0,0,0,0,0,0,0,0,0
Solution 21,Gharbia,Production,0,0,744061.808272578,0,0,0,0,0,0,0,0,0
Solution 21,Monoufia,Water,0,0,0,0,0,41826893.684210554,0,0,0,745720848.7133712,0,0
Solution 21,Monoufia,Area,0,0,0,0,0,12946.419473684218,0,0,0,239869.73378930963,0,0
Solution 21,Monoufia,Production,0,0,0,0,0,37843.38000000002,0,0,0,349081.94702119724,0,0
Solution 21,Behaira,Water,0,0,1533882585.278724,0,7035000.0,0,0,0,0,0,0,0
Solution 21,Behaira,Area,0,0,513208.94065425935,0,3952.0,0,0,0,0,0,0,0
Solution 21,Behaira,Production,0,0,1722005.8949530586,0,4358.0,0,0,0,0,0,0,0
Solution 21,Ismailia,Water,0,0,240898475.15958214,0,0,0,0,0,10710000.0,0,0,0
Solution 21,Ismailia,Area,0,0,84057.70504200729,0,0,0,0,0,5156.0,0,0,0
Solution 21,Ismailia,Production,0,0,282476.29345290095,0,0,0,0,0,114189.0,0,0,0
Solution 21,Giza,Water,0,195931733.33333334,0,0,0,0,0,0,0,0,0,0
Solution 21,Giza,Area,0,91843.0,0,0,0,0,0,0,0,0,0,0
Solution 21,Giza,Production,0,213250.699047619,0,0,0,0,0,0,0,0,0,0
Solution 21,Beni sweif,Water,0,0,0,1768328660.2103055,0,0,0,880000.0,0,0,0,0
Solution 21,Beni sweif,Area,0,0,0,248153.2453,0,0,0,1132.0,0,0,0,0
Solution 21,Beni sweif,Production,0,0,0,7671913.308893129,0,0,0,1694.0,0,0,0,0
Solution 21,Fayoum,Water,0,532630000.0,467861000.0,2270000.0,8368999.999999999,24000.0,11082000.0,122000.0,36694000.0,67024000.00000001,147054000.0,0
Solution 21,Fayoum,Area,0,96274.33823750998,102501.0,237.0,3115.0,6.0,3086.0,35.0,1072.697,16162.0,39144.0,0
Solution 21,Fayoum,Production,0,0.0,0,0,0,0,0,0,0,21051.0,0,0
Solution 21,Minya,Water,0,505698993.5859173,1675564464.7636693,0,0,0,0,0,0,0,35910949.74470882,0
Solution 21,Minya,Area,0,145666.17085966628,270350.29861172073,0,0,0,0,0,0,0,12907.235570620265,0
Solution 21,Minya,Production,0,357543.49801481026,733326.637624508,0,0,0,0,0,0,0,133273.5175657814,0
Solution 21,Assuit,Water,0,0,812799000.0,11024000.0,4634560.458265157,7123999.999999999,1959000.0,1680000.0,18503000.0,19037000.0,433998590.0845063,0
Solution 21,Assuit,Area,0,0,155177.94939916575,1081.0,2535.499443535198,1542.0,901.0,791.0,1090.201040739524,4474.0,128093.55115729902,0
Solution 21,Assuit,Production,0,0,0.0,0,6349.140000000025,0,0,0,0,0,2649735.4424342187,0
Solution 21,Sohag,Water,0,0,654721000.0,791079290.88207,43000.0,855000.0,77999940.44392526,88250399.20792077,46285865.56503207,3787000.0,91736999.99999999,0
Solution 21,Sohag,Area,0,0,77287.87501427214,88427.95247747078,12.0,179.0,44098.3638551402,51833.81881188118,35077.989841235685,890.0,22237.0,0
Solution 21,Sohag,Production,0,0,0.0,3927325.7511068713,0,0,28156.290000000008,82982.43999999999,560420.6042248653,0,0,0
Solution 21,Qena,Water,0,0,0,0,0,0,0,0,84284644.91256362,0,0,0
Solution 21,Qena,Area,0,0,0,0,0,0,0,0,215551.0,0,0,0
Solution 21,Qena,Production,0,0,0,0,0,0,0,0,10930694.08093534,0,0,0
Solution 21,Aswan,Water,0,0,0,0,5252000.0,0,0,0,0,0,0,0
Solution 21,Aswan,Area,0,0,0,0,32505.705042007296,0,0,0,0,0,0,0
Solution 21,Aswan,Production,0,0,0,0,32307.595999335776,0,0,0,0,0,0,0
Solution 21,Luxor,Water,0,241769139.49275362,0,0,0,0,774000.0,34000.0,0,0,0,0
Solution 21,Luxor,Area,0,91190.0,0,0,0,0,489.0,84.0,0,0,0,0
Solution 21,Luxor,Production,0,205631.7980072464,0,0,0,0,247.0,69.0,0,0,0,0
Solution 22,Cairo,Water,0,0,763152.1739130435,0,0,0,0,0,0,0,0,0
Solution 22,Cairo,Area,0,0,595.0,0,0,0,0,0,0,0,0,0
Solution 22,Cairo,Production,0,0,1172.753623188406,0,0,0,0,0,0,0,0,0
Solution 22,Alexandria,Water,0,0,0,258999.99999999997,0,0,3386000.0,0,0,0,0,0
Solution 22,Alexandria,Area,0,0,0,1665.0,0,0,1708.0,0,0,0,0,0
Solution 22,Alexandria,Production,0,0,0,659.0,0,0,1929.0,0,0,0,0,0
Solution 22,Port said,Water,0,0,173186883.5414763,0,0,0,0,0,1018000.0,0,0,0
Solution 22,Port said,Area,0,0,50696.0,0,0,0,0,0,2085.940654259328,0,0,0
Solution 22,Port said,Production,0,0,124014.49162351507,0,0,0,0,0,32307.595999335776,0,0,0
Solution 22,Suez,Water,0,0,38658541.35338346,0,0,0,0,0,0,0,0,0
Solution 22,Suez,Area,0,0,12454.0,0,0,0,0,0,0,0,0,0
Solution 22,Suez,Production,0,0,27157.739348370927,0,0,0,0,0,0,0,0,0
Solution 22,Damietta,Water,895311135.8294907,0,0,0,0,80000.0,0,0,0,0,0,0
Solution 22,Damietta,Area,156233.0,0,0,0,0,25.0,0,0,0,0,0,0
Solution 22,Damietta,Production,538849.3068488494,0,0,0,0,35.0,0,0,0,0,0,0
Solution 22,Dakahlia,Water,1310861000.0,0,225691356.14325994,1974000.0,0,21594000.0,0,0,0,118269000.0,0,0
Solution 22,Dakahlia,Area,228275.0,0,168696.94065425932,252.0,0,6749.0,0,0,0,51858.0,0,0
Solution 22,Dakahlia,Production,832509.0,0,657615.9845470338,9708.0,0,8307.0,0,0,0,78104.0,0,0
Solution 22,Sharkia,Water,2832360919.5610137,0,0,0,0,3106000.0,0,0,0,121985000.0,72215000.0,0
Solution 22,Sharkia,Area,543014.9060827468,0,0,0,0,1136.0,0,0,0,49522.0,32773.0,0
Solution 22,Sharkia,Production,1836419.432587528,0,0,0,0,1334.0,0,0,0,69281.0,667529.0,0
Solution 22,Quliubiya,Water,0,0,543633131.2031225,0,0,0,0,0,0,0,0,0
Solution 22,Quliubiya,Area,0,0,179877.15326299384,0,0,0,0,0,0,0,0,0
Solution 22,Quliubiya,Production,0,0,609864.0941133761,0,0,0,0,0,0,0,0,0
Solution 22,Kafr el sheikh,Water,0,0,1244659343.000929,752000.0,0,0,0,0,0,0,0,0
Solution 22,Kafr el sheikh,Area,0,0,393741.94065425935,96.0,0,0,0,0,0,0,0,0
Solution 22,Kafr el sheikh,Production,0,0,1392148.665339567,3959.0,0,0,0,0,0,0,0,0
Solution 22,Gharbia,Water,0,0,511099053.0612905,0,0,0,0,0,0,0,0,0
Solution 22,Gharbia,Area,0,0,225875.9060827468,0,0,0,0,0,0,0,0,0
Solution 22,Gharbia,Production,0,0,744061.808272578,0,0,0,0,0,0,0,0,0
Solution 22,Monoufia,Water,0,0,0,0,0,41788209.473684214,0,0,0,599650554.4027302,143876926.4205064,0
Solution 22,Monoufia,Area,0,0,0,0,0,12934.445789473684,0,0,0,192884.5346075085,46997.17286601165,0
Solution 22,Monoufia,Production,0,0,0,0,0,37808.38,0,0,0,280704.48,552686.752904297,0
Solution 22,Behaira,Water,0,0,1533882585.278724,0,7035000.0,0,0,0,0,0,0,0
Solution 22,Behaira,Area,0,0,513208.94065425935,0,3952.0,0,0,0,0,0,0,0
Solution 22,Behaira,Production,0,0,1722005.8949530586,0,4358.0,0,0,0,0,0,0,0
Solution 22,Ismailia,Water,0,0,217054434.7789163,0,0,0,13401000.0,0,10710000.0,0,0,0
Solution 22,Ismailia,Area,0,0,75737.70504200729,0,0,0,8320.0,0,5156.0,0,0,0
Solution 22,Ismailia,Production,0,0,254516.89627029127,0,0,0,14530.0,0,114189.0,0,0,0
Solution 22,Giza,Water,0,195931733.33333334,0,0,0,0,0,0,0,0,0,0
Solution 22,Giza,Area,0,91843.0,0,0,0,0,0,0,0,0,0,0
Solution 22,Giza,Production,0,213250.699047619,0,0,0,0,0,0,0,0,0,0
Solution 22,Beni sweif,Water,0,0,0,1664239847.2332063,0,0,0,880000.0,0,0,33950000.0,0
Solution 22,Beni sweif,Area,0,0,0,233546.2453,0,0,0,1132.0,0,0,14607.0,0
Solution 22,Beni sweif,Production,0,0,0,7220322.850877862,0,0,0,1694.0,0,0,134093.0,0
Solution 22,Fayoum,Water,0,0,0,0,20101504.25282546,0,0,0,0,0,1110609246.090604,0
Solution 22,Fayoum,Area,0,0,0,0,7481.919673503566,0,0,0,0,0,295630.77732649643,0
Solution 22,Fayoum,Production,0,0,0,0,5738.140000000005,0,0,0,0,0,1678073.2179887488,0
Solution 22,Minya,Water,0,505698993.5859173,1755560327.0635135,0,0,0,0,0,0,0,0,0
Solution 22,Minya,Area,0,145666.17085966628,283257.534182341,0,0,0,0,0,0,0,0,0
Solution 22,Minya,Production,0,357543.49801481026,768337.5834626867,0,0,0,0,0,0,0,0,0
Solution 22,Assuit,Water,0,0,1177223961.021911,0,446000.0,0,0,0,0,0,0,0
Solution 22,Assuit,Area,0,0,301364.20104073954,0,244.0,0,0,0,0,0,0,0
Solution 22,Assuit,Production,0,0,825248.3368692462,0,611.0,0,0,0,0,0,0,0
Solution 22,Sohag,Water,0,0,654721000.0,880087456.6654724,43000.0,855000.0,77999940.44392523,72797993.84973791,43617539.251043364,3787000.0,206891512.31415612,0
Solution 22,Sohag,Area,0,0,29144.837399644042,98377.4100662612,12.0,179.0,44098.36385514017,42757.857833430404,33055.78452666315,890.0,50150.39252787741,0
Solution 22,Sohag,Production,0,0,0.0,4369208.209122142,0,0,28156.29,68452.44,528113.0082255288,0,418155.9891069539,0
Solution 22,Qena,Water,0,0,0,0,0,0,0,0,84284644.91256362,0,0,0
Solution 22,Qena,Area,0,0,0,0,0,0,0,0,215551.0,0,0,0
Solution 22,Qena,Production,0,0,0,0,0,0,0,0,10930694.08093534,0,0,0
Solution 22,Aswan,Water,0,0,0,0,5252000.0,0,0,0,0,0,0,0
Solution 22,Aswan,Area,0,0,0,0,32505.705042007296,0,0,0,0,0,0,0
Solution 22,Aswan,Production,0,0,0,0,32307.595999335776,0,0,0,0,0,0,0
Solution 22,Luxor,Water,0,241769139.49275362,0,0,0,0,774000.0,34000.0,0,0,0,0
Solution 22,Luxor,Area,0,91190.0,0,0,0,0,489.0,84.0,0,0,0,0
Solution 22,Luxor,Production,0,205631.7980072464,0,0,0,0,247.0,69.0,0,0,0,0
Solution 40,Cairo,Water,0,0,763152.1739130435,0,0,0,0,0,0,0,0,0
Solution 40,Cairo,Area,0,0,595.0,0,0,0,0,0,0,0,0,0
Solution 40,Cairo,Production,0,0,1172.753623188406,0,0,0,0,0,0,0,0,0
Solution 40,Alexandria,Water,0,0,0,258999.99999999997,0,0,3386000.0,0,0,0,0,0
Solution 40,Alexandria,Area,0,0,0,1665.0,0,0,1708.0,0,0,0,0,0
Solution 40,Alexandria,Production,0,0,0,659.0,0,0,1929.0,0,0,0,0,0
Solution 40,Port said,Water,0,0,180312841.43092796,0,0,0,0,0,0,0,0,0
Solution 40,Port said,Area,0,0,52781.94065425933,0,0,0,0,0,0,0,0,0
Solution 40,Port said,Production,0,0,129117.19932816226,0,0,0,0,0,0,0,0,0
Solution 40,Suez,Water,0,0,38658541.35338346,0,0,0,0,0,0,0,0,0
Solution 40,Suez,Area,0,0,12454.0,0,0,0,0,0,0,0,0,0
Solution 40,Suez,Production,0,0,27157.739348370927,0,0,0,0,0,0,0,0,0
Solution 40,Damietta,Water,895981617.7564334,0,0,0,0,0,0,0,0,0,0,0
Solution 40,Damietta,Area,156350.0,0,0,0,0,0,0,0,0,0,0,0
Solution 40,Damietta,Production,539252.8411143458,0,0,0,0,0,0,0,0,0,0,0
Solution 40,Dakahlia,Water,0,0,611230556.6670499,0,0,0,0,0,0,0,0,0
Solution 40,Dakahlia,Area,0,0,456874.94065425935,0,0,0,0,0,0,0,0,0
Solution 40,Dakahlia,Production,0,0,1780994.1469476947,0,0,0,0,0,0,0,0,0
Solution 40,Sharkia,Water,3261623947.4567018,0,0,0,0,3106000.0,0,0,0,0,0,0
Solution 40,Sharkia,Area,625312.4060827468,0,0,0,0,1136.0,0,0,0,0,0,0
Solution 40,Sharkia,Production,2114740.941924404,0,0,0,0,1334.0,0,0,0,0,0,0
Solution 40,Quliubiya,Water,0,0,543633131.2031225,0,0,0,0,0,0,0,0,0
Solution 40,Quliubiya,Area,0,0,179877.15326299384,0,0,0,0,0,0,0,0,0
Solution 40,Quliubiya,Production,0,0,609864.0941133761,0,0,0,0,0,0,0,0,0
Solution 40,Kafr el sheikh,Water,0,0,1244962809.014048,0,0,0,0,0,0,0,0,0
Solution 40,Kafr el sheikh,Area,0,0,393837.94065425935,0,0,0,0,0,0,0,0,0
Solution 40,Kafr el sheikh,Production,0,0,1392488.091390169,0,0,0,0,0,0,0,0,0
Solution 40,Gharbia,Water,0,0,511099053.0612905,0,0,0,0,0,0,0,0,0
Solution 40,Gharbia,Area,0,0,225875.9060827468,0,0,0,0,0,0,0,0,0
Solution 40,Gharbia,Production,0,0,744061.808272578,0,0,0,0,0,0,0,0,0
Solution 40,Monoufia,Water,0,0,0,0,0,51523024.73684207,0,0,0,736390596.7781368,0,0
Solution 40,Monoufia,Area,0,0,0,0,0,15947.602894736832,0,0,0,236868.550368257,0,0
Solution 40,Monoufia,Production,0,0,0,0,0,46616.06999999997,0,0,0,344714.33075115544,0,0
Solution 40,Behaira,Water,0,0,1533882585.278724,0,7035000.0,0,0,0,0,0,0,0
Solution 40,Behaira,Area,0,0,513208.94065425935,0,3952.0,0,0,0,0,0,0,0
Solution 40,Behaira,Production,0,0,1722005.8949530586,0,4358.0,0,0,0,0,0,0,0
Solution 40,Ismailia,Water,0,0,240898475.15958214,0,0,0,0,0,10710000.0,0,0,0
Solution 40,Ismailia,Area,0,0,84057.70504200729,0,0,0,0,0,5156.0,0,0,0
Solution 40,Ismailia,Production,0,0,282476.29345290095,0,0,0,0,0,114189.0,0,0,0
Solution 40,Giza,Water,0,195931733.33333334,0,0,0,0,0,0,0,0,0,0
Solution 40,Giza,Area,0,91843.0,0,0,0,0,0,0,0,0,0,0
Solution 40,Giza,Production,0,213250.699047619,0,0,0,0,0,0,0,0,0,0
Solution 40,Beni sweif,Water,0,0,0,1776395240.3629773,0,0,0,0,0,0,0,0
Solution 40,Beni sweif,Area,0,0,0,249285.2453,0,0,0,0,0,0,0,0
Solution 40,Beni sweif,Production,0,0,0,7706910.255458015,0,0,0,0,0,0,0,0
Solution 40,Fayoum,Water,0,532630000.0,467861000.0,2270000.0,8368999.999999999,24000.0,11082000.0,122000.0,36694000.0,278943149.5422811,147054000.0,0
Solution 40,Fayoum,Area,0,44396.32751862437,102501.0,237.0,3115.0,6.0,3086.0,35.0,1072.697,67263.65455511975,39144.0,0
Solution 40,Fayoum,Production,0,0.0,0,0,2389.0,0,0,0,0,87610.88924884456,0,0
Solution 40,Minya,Water,0,515484604.5610507,1339533317.3055604,0,0,0,0,0,0,0,189024291.7384373,0
Solution 40,Minya,Area,0,148484.9078916747,212499.0439724835,0,0,0,0,0,0,0,67939.7531778491,0
Solution 40,Minya,Production,0,364462.2018735058,576404.7985705014,0,0,0,0,0,0,0,701511.1670521562,0
Solution 40,Assuit,Water,0,0,812799000.0,11024000.0,4715271.129296232,7123999.999999999,1959000.0,1680000.0,18503000.0,19037000.0,456027418.2768578,0
Solution 40,Assuit,Area,0,0,148632.0426381551,1081.0,2579.65505728314,1542.0,901.0,791.0,1090.201040739524,4474.0,134595.30230456177,0
Solution 40,Assuit,Production,0,0,0.0,0,6459.709999999995,0,447.0,0,0,0,2784230.272947844,0
Solution 40,Sohag,Water,0,0,654721000.0,816699731.0048678,43000.0,855000.0,79506665.14408098,90941776.44729179,50354478.52160786,3787000.0,91736999.99999999,0
Solution 40,Sohag,Area,0,0,68907.9394713126,91291.8412023349,12.0,179.0,44950.21186526478,53414.59761211416,38161.40984897356,890.0,22237.0,0
Solution 40,Sohag,Production,0,0,0.0,4054518.8345419876,0,0,28700.185000000005,85513.16,609682.609021507,0,0,0
Solution 40,Qena,Water,0,0,0,0,0,0,0,0,84815258.37826942,0,0,0
Solution 40,Qena,Area,0,0,0,0,0,0,0,0,216908.0,0,0,0
Solution 40,Qena,Production,0,0,0,0,0,0,0,0,10999508.198558684,0,0,0
Solution 40,Aswan,Water,0,0,0,0,5252000.0,0,0,0,0,0,0,0
Solution 40,Aswan,Area,0,0,0,0,32505.705042007296,0,0,0,0,0,0,0
Solution 40,Aswan,Production,0,0,0,0,32307.595999335776,0,0,0,0,0,0,0
Solution 40,Luxor,Water,0,243065609.60144928,0,0,0,0,0,34000.0,0,0,0,0
Solution 40,Luxor,Area,0,91679.0,0,0,0,0,0,84.0,0,0,0,0
Solution 40,Luxor,Production,0,206734.48414855075,0,0,0,0,0,69.0,0,0,0,0
Solution 41,Cairo,Water,0,0,763152.1739130435,0,0,0,0,0,0,0,0,0
Solution 41,Cairo,Area,0,0,595.0,0,0,0,0,0,0,0,0,0
Solution 41,Cairo,Production,0,0,1172.753623188406,0,0,0,0,0,0,0,0,0
Solution 41,Alexandria,Water,0,0,0,258999.99999999997,0,0,3386000.0,0,0,0,0,0
Solution 41,Alexandria,Area,0,0,0,1665.0,0,0,1708.0,0,0,0,0,0
Solution 41,Alexandria,Production,0,0,0,659.0,0,0,1929.0,0,0,0,0,0
Solution 41,Port said,Water,0,0,180312841.43092796,0,0,0,0,0,0,0,0,0
Solution 41,Port said,Area,0,0,52781.94065425933,0,0,0,0,0,0,0,0,0
Solution 41,Port said,Production,0,0,129117.19932816226,0,0,0,0,0,0,0,0,0
Solution 41,Suez,Water,0,0,38658541.35338346,0,0,0,0,0,0,0,0,0
Solution 41,Suez,Area,0,0,12454.0,0,0,0,0,0,0,0,0,0
Solution 41,Suez,Production,0,0,27157.739348370927,0,0,0,0,0,0,0,0,0
Solution 41,Damietta,Water,895981617.7564334,0,0,0,0,0,0,0,0,0,0,0
Solution 41,Damietta,Area,156350.0,0,0,0,0,0,0,0,0,0,0,0
Solution 41,Damietta,Production,539252.8411143458,0,0,0,0,0,0,0,0,0,0,0
Solution 41,Dakahlia,Water,0,0,532823128.18500835,0,0,21594000.0,0,0,0,118269000.0,0,0
Solution 41,Dakahlia,Area,0,0,398267.94065425935,0,0,6749.0,0,0,0,51858.0,0,0
Solution 41,Dakahlia,Production,0,0,1552531.7939442887,0,0,8307.0,0,0,0,78104.0,0,0
Solution 41,Sharkia,Water,3090667231.0218754,0,0,0,0,3106000.0,0,0,0,0,72215000.0,0
Solution 41,Sharkia,Area,592536.9060827468,0,0,0,0,1136.0,0,0,0,0,32773.0,0
Solution 41,Sharkia,Production,2003897.6401318733,0,0,0,0,1334.0,0,0,0,0,667529.0,0
Solution 41,Quliubiya,Water,0,0,543633131.2031225,0,0,0,0,0,0,0,0,0
Solution 41,Quliubiya,Area,0,0,179877.15326299384,0,0,0,0,0,0,0,0,0
Solution 41,Quliubiya,Production,0,0,609864.0941133761,0,0,0,0,0,0,0,0,0
Solution 41,Kafr el sheikh,Water,0,0,1244659343.000929,752000.0,0,0,0,0,0,0,0,0
Solution 41,Kafr el sheikh,Area,0,0,393741.94065425935,96.0,0,0,0,0,0,0,0,0
Solution 41,Kafr el sheikh,Production,0,0,1392148.665339567,3959.0,0,0,0,0,0,0,0,0
Solution 41,Gharbia,Water,0,0,511099053.0612905,0,0,0,0,0,0,0,0,0
Solution 41,Gharbia,Area,0,0,225875.9060827468,0,0,0,0,0,0,0,0,0
Solution 41,Gharbia,Production,0,0,744061.808272578,0,0,0,0,0,0,0,0,0
Solution 41,Monoufia,Water,0,0,0,0,0,42341603.684210464,0,0,0,745225561.0622951,0,0
Solution 41,Monoufia,Area,0,0,0,0,0,13105.734473684191,0,0,0,239710.41878930965,0,0
Solution 41,Monoufia,Production,0,0,0,0,0,38309.06999999994,0,0,0,348850.09621821716,0,0
Solution 41,Behaira,Water,0,0,1533882585.278724,0,7035000.0,0,0,0,0,0,0,0
Solution 41,Behaira,Area,0,0,513208.94065425935,0,3952.0,0,0,0,0,0,0,0
Solution 41,Behaira,Production,0,0,1722005.8949530586,0,4358.0,0,0,0,0,0,0,0
Solution 41,Ismailia,Water,0,0,240898475.15958214,0,0,0,0,0,10710000.0,0,0,0
Solution 41,Ismailia,Area,0,0,84057.70504200729,0,0,0,0,0,5156.0,0,0,0
Solution 41,Ismailia,Production,0,0,282476.29345290095,0,0,0,0,0,114189.0,0,0,0
Solution 41,Giza,Water,0,195931733.33333334,0,0,0,0,0,0,0,0,0,0
Solution 41,Giza,Area,0,91843.0,0,0,0,0,0,0,0,0,0,0
Solution 41,Giza,Production,0,213250.699047619,0,0,0,0,0,0,0,0,0,0
Solution 41,Beni sweif,Water,0,0,0,1768328660.2103055,0,0,0,880000.0,0,0,0,0
Solution 41,Beni sweif,Area,0,0,0,248153.2453,0,0,0,1132.0,0,0,0,0
Solution 41,Beni sweif,Production,0,0,0,7671913.308893129,0,0,0,1694.0,0,0,0,0
Solution 41,Fayoum,Water,0,532630000.0,467861000.0,2270000.0,8368999.999999999,24000.0,11082000.0,122000.0,36694000.0,67024000.00000001,147054000.0,0
Solution 41,Fayoum,Area,0,95806.73183315463,102501.0,237.0,3115.0,6.0,3086.0,35.0,1072.697,16162.0,39144.0,0
Solution 41,Fayoum,Production,0,0.0,0,0,2389.0,0,0,0,0,21051.0,0,0
Solution 41,Minya,Water,0,517044211.3641248,1769796626.0618207,0,0,0,0,0,0,0,0,0
Solution 41,Minya,Area,0,148934.15132290943,279989.55371909786,0,0,0,0,0,0,0,0,0
Solution 41,Minya,Production,0,365564.8880148102,759473.1688966998,0,0,0,0,0,0,0,0,0
Solution 41,Assuit,Water,0,0,812799000.0,11024000.0,4715271.129296232,7123999.999999999,1959000.0,1680000.0,18503000.0,19037000.0,461593337.18048364,0
Solution 41,Assuit,Area,0,0,146989.27620041126,1081.0,2579.65505728314,1542.0,901.0,791.0,1090.201040739524,4474.0,136238.06874230562,0
Solution 41,Assuit,Production,0,0,402511.8288870864,0,6459.709999999995,0,447.0,0,0,0,2818212.4400000004,0
Solution 41,Sohag,Water,0,0,654721000.0,822951689.2876925,43000.0,855000.0,78822413.58644858,89140236.55212583,56037925.87040023,3787000.0,91736999.99999999,0
Solution 41,Sohag,Area,0,0,65346.84056938321,91990.69386640642,12.0,179.0,44563.36061915886,52356.46423995342,42468.640705098085,890.0,22237.0,0
Solution 41,Sohag,Production,0,0,0.0,4085556.7811068706,0,0,28453.18499999999,83819.16000000002,678496.7266448518,0,0,0
Solution 41,Qena,Water,0,0,0,0,0,0,0,0,84284644.91256362,0,0,0
Solution 41,Qena,Area,0,0,0,0,0,0,0,0,215551.0,0,0,0
Solution 41,Qena,Production,0,0,0,0,0,0,0,0,10930694.08093534,0,0,0
Solution 41,Aswan,Water,0,0,0,0,5252000.0,0,0,0,0,0,0,0
Solution 41,Aswan,Area,0,0,0,0,32505.705042007296,0,0,0,0,0,0,0
Solution 41,Aswan,Production,0,0,0,0,32307.595999335776,0,0,0,0,0,0,0
Solution 41,Luxor,Water,0,241769139.49275362,0,0,0,0,774000.0,34000.0,0,0,0,0
Solution 41,Luxor,Area,0,91190.0,0,0,0,0,489.0,84.0,0,0,0,0
Solution 41,Luxor,Production,0,205631.7980072464,0,0,0,0,247.0,69.0,0,0,0,0
Solution 60,Cairo,Water,0,0,763152.1739130435,0,0,0,0,0,0,0,0,0
Solution 60,Cairo,Area,0,0,595.0,0,0,0,0,0,0,0,0,0
Solution 60,Cairo,Production,0,0,1172.753623188406,0,0,0,0,0,0,0,0,0
Solution 60,Alexandria,Water,0,0,0,258999.99999999997,0,0,3386000.0,0,0,0,0,0
Solution 60,Alexandria,Area,0,0,0,1665.0,0,0,1708.0,0,0,0,0,0
Solution 60,Alexandria,Production,0,0,0,659.0,0,0,1929.0,0,0,0,0,0
Solution 60,Port said,Water,0,0,180312841.43092796,0,0,0,0,0,0,0,0,0
Solution 60,Port said,Area,0,0,52781.94065425933,0,0,0,0,0,0,0,0,0
Solution 60,Port said,Production,0,0,129117.19932816226,0,0,0,0,0,0,0,0,0
Solution 60,Suez,Water,0,0,38658541.35338346,0,0,0,0,0,0,0,0,0
Solution 60,Suez,Area,0,0,12454.0,0,0,0,0,0,0,0,0,0
Solution 60,Suez,Production,0,0,27157.739348370927,0,0,0,0,0,0,0,0,0
Solution 60,Damietta,Water,895981617.7564334,0,0,0,0,0,0,0,0,0,0,0
Solution 60,Damietta,Area,156350.0,0,0,0,0,0,0,0,0,0,0,0
Solution 60,Damietta,Production,539252.8411143458,0,0,0,0,0,0,0,0,0,0,0
Solution 60,Dakahlia,Water,0,0,611230556.6670499,0,0,0,0,0,0,0,0,0
Solution 60,Dakahlia,Area,0,0,456874.94065425935,0,0,0,0,0,0,0,0,0
Solution 60,Dakahlia,Production,0,0,1780994.1469476947,0,0,0,0,0,0,0,0,0
Solution 60,Sharkia,Water,3261623947.4567018,0,0,0,0,3106000.0,0,0,0,0,0,0
Solution 60,Sharkia,Area,625312.4060827468,0,0,0,0,1136.0,0,0,0,0,0,0
Solution 60,Sharkia,Production,2114740.941924404,0,0,0,0,1334.0,0,0,0,0,0,0
Solution 60,Quliubiya,Water,0,0,543633131.2031225,0,0,0,0,0,0,0,0,0
Solution 60,Quliubiya,Area,0,0,179877.15326299384,0,0,0,0,0,0,0,0,0
Solution 60,Quliubiya,Production,0,0,609864.0941133761,0,0,0,0,0,0,0,0,0
Solution 60,Kafr el sheikh,Water,0,0,1244962809.014048,0,0,0,0,0,0,0,0,0
Solution 60,Kafr el sheikh,Area,0,0,393837.94065425935,0,0,0,0,0,0,0,0,0
Solution 60,Kafr el sheikh,Production,0,0,1392488.091390169,0,0,0,0,0,0,0,0,0
Solution 60,Gharbia,Water,0,0,511099053.0612905,0,0,0,0,0,0,0,0,0
Solution 60,Gharbia,Area,0,0,225875.9060827468,0,0,0,0,0,0,0,0,0
Solution 60,Gharbia,Production,0,0,744061.808272578,0,0,0,0,0,0,0,0,0
Solution 60,Monoufia,Water,0,0,0,0,0,52037734.73684208,0,0,0,735895309.1270607,0,0
Solution 60,Monoufia,Area,0,0,0,0,0,16106.917894736835,0,0,0,236709.235368257,0,0
Solution 60,Monoufia,Production,0,0,0,0,0,47081.75999999997,0,0,0,344482.4799481753,0,0
Solution 60,Behaira,Water,0,0,1533882585.278724,0,7035000.0,0,0,0,0,0,0,0
Solution 60,Behaira,Area,0,0,513208.94065425935,0,3952.0,0,0,0,0,0,0,0
Solution 60,Behaira,Production,0,0,1722005.8949530586,0,4358.0,0,0,0,0,0,0,0
Solution 60,Ismailia,Water,0,0,240898475.15958214,0,0,0,0,0,10710000.0,0,0,0
Solution 60,Ismailia,Area,0,0,84057.70504200729,0,0,0,0,0,5156.0,0,0,0
Solution 60,Ismailia,Production,0,0,282476.29345290095,0,0,0,0,0,114189.0,0,0,0
Solution 60,Giza,Water,0,195931733.33333334,0,0,0,0,0,0,0,0,0,0
Solution 60,Giza,Area,0,91843.0,0,0,0,0,0,0,0,0,0,0
Solution 60,Giza,Production,0,213250.699047619,0,0,0,0,0,0,0,0,0,0
Solution 60,Beni sweif,Water,0,0,0,1776395240.3629773,0,0,0,0,0,0,0,0
Solution 60,Beni sweif,Area,0,0,0,249285.2453,0,0,0,0,0,0,0,0
Solution 60,Beni sweif,Production,0,0,0,7706910.255458015,0,0,0,0,0,0,0,0
Solution 60,Fayoum,Water,0,532630000.0,467861000.0,2270000.0,8368999.999999999,24000.0,11082000.0,122000.0,36694000.0,293167452.70977616,147054000.0,0
Solution 60,Fayoum,Area,0,40498.70816677177,102501.0,237.0,3115.0,6.0,3086.0,35.0,1072.697,70693.667502617,39144.0,0
Solution 60,Fayoum,Production,0,0.0,0,0,2389.0,0,0,0,0,92078.48005182466,0,0
Solution 60,Minya,Water,0,526829822.3392583,1537044989.0545983,0,0,0,0,0,0,0,106204293.89004584,0
Solution 60,Minya,Area,0,151752.88835491787,238998.5085305171,0,0,0,0,0,0,0,38172.30815657234,0
Solution 60,Minya,Production,0,372483.5918735058,648284.7385705014,0,0,0,0,0,0,0,394147.744015095,0
Solution 60,Assuit,Water,0,0,812799000.0,11024000.0,4795981.800327333,7123999.999999999,1959000.0,1680000.0,18503000.0,19037000.0,512136247.3119252,0
Solution 60,Assuit,Area,0,0,132027.5125748494,1081.0,2623.8106710310967,1542.0,901.0,791.0,1090.201040739524,4474.0,151155.6767541195,0
Solution 60,Assuit,Production,0,0,0.0,0,6570.280000000001,0,0,0,0,0,3126797.175984904,0
Solution 60,Sohag,Water,0,0,654721000.0,848572129.4104908,43000.0,855000.0,80329138.28660434,91831613.79149678,60106538.826975994,3787000.0,91736999.99999999,0
Solution 60,Sohag,Area,0,0,56966.905026423665,94854.58259127058,12.0,179.0,45415.20862928347,53937.24304018637,45552.06071283593,890.0,22237.0,0
Solution 60,Sohag,Production,0,0,0.0,4212749.864541989,0,0,28997.07999999999,86349.87999999999,727758.7314414931,0,0,0
Solution 60,Qena,Water,0,0,0,0,0,0,0,0,84815258.37826942,0,0,0
Solution 60,Qena,Area,0,0,0,0,0,0,0,0,216908.0,0,0,0
Solution 60,Qena,Production,0,0,0,0,0,0,0,0,10999508.198558684,0,0,0
Solution 60,Aswan,Water,0,0,0,0,5252000.0,0,0,0,0,0,0,0
Solution 60,Aswan,Area,0,0,0,0,32505.705042007296,0,0,0,0,0,0,0
Solution 60,Aswan,Production,0,0,0,0,32307.595999335776,0,0,0,0,0,0,0
Solution 60,Luxor,Water,0,243065609.60144928,0,0,0,0,0,34000.0,0,0,0,0
Solution 60,Luxor,Area,0,91679.0,0,0,0,0,0,84.0,0,0,0,0
Solution 60,Luxor,Production,0,206734.48414855075,0,0,0,0,0,69.0,0,0,0,0
Solution 61,Cairo,Water,0,0,763152.1739130435,0,0,0,0,0,0,0,0,0
Solution 61,Cairo,Area,0,0,595.0,0,0,0,0,0,0,0,0,0
Solution 61,Cairo,Production,0,0,1172.753623188406,0,0,0,0,0,0,0,0,0
Solution 61,Alexandria,Water,0,0,0,258999.99999999997,0,0,3386000.0,0,0,0,0,0
Solution 61,Alexandria,Area,0,0,0,1665.0,0,0,1708.0,0,0,0,0,0
Solution 61,Alexandria,Production,0,0,0,659.0,0,0,1929.0,0,0,0,0,0
Solution 61,Port said,Water,0,0,180312841.43092796,0,0,0,0,0,0,0,0,0
Solution 61,Port said,Area,0,0,52781.94065425933,0,0,0,0,0,0,0,0,0
Solution 61,Port said,Production,0,0,129117.19932816226,0,0,0,0,0,0,0,0,0
Solution 61,Suez,Water,0,0,38658541.35338346,0,0,0,0,0,0,0,0,0
Solution 61,Suez,Area,0,0,12454.0,0,0,0,0,0,0,0,0,0
Solution 61,Suez,Production,0,0,27157.739348370927,0,0,0,0,0,0,0,0,0
Solution 61,Damietta,Water,895981617.7564334,0,0,0,0,0,0,0,0,0,0,0
Solution 61,Damietta,Area,156350.0,0,0,0,0,0,0,0,0,0,0,0
Solution 61,Damietta,Production,539252.8411143458,0,0,0,0,0,0,0,0,0,0,0
Solution 61,Dakahlia,Water,0,0,532823128.18500835,0,0,21594000.0,0,0,0,118269000.0,0,0
Solution 61,Dakahlia,Area,0,0,398267.94065425935,0,0,6749.0,0,0,0,51858.0,0,0
Solution 61,Dakahlia,Production,0,0,1552531.7939442887,0,0,8307.0,0,0,0,78104.0,0,0
Solution 61,Sharkia,Water,3090667231.0218754,0,0,0,0,3106000.0,0,0,0,0,72215000.0,0
Solution 61,Sharkia,Area,592536.9060827468,0,0,0,0,1136.0,0,0,0,0,32773.0,0
Solution 61,Sharkia,Production,2003897.6401318733,0,0,0,0,1334.0,0,0,0,0,667529.0,0
Solution 61,Quliubiya,Water,0,0,543633131.2031225,0,0,0,0,0,0,0,0,0
Solution 61,Quliubiya,Area,0,0,179877.15326299384,0,0,0,0,0,0,0,0,0
Solution 61,Quliubiya,Production,0,0,609864.0941133761,0,0,0,0,0,0,0,0,0
Solution 61,Kafr el sheikh,Water,0,0,1244659343.000929,752000.0,0,0,0,0,0,0,0,0
Solution 61,Kafr el sheikh,Area,0,0,393741.94065425935,96.0,0,0,0,0,0,0,0,0
Solution 61,Kafr el sheikh,Production,0,0,1392148.665339567,3959.0,0,0,0,0,0,0,0,0
Solution 61,Gharbia,Water,0,0,511099053.0612905,0,0,0,0,0,0,0,0,0
Solution 61,Gharbia,Area,0,0,225875.9060827468,0,0,0,0,0,0,0,0,0
Solution 61,Gharbia,Production,0,0,744061.808272578,0,0,0,0,0,0,0,0,0
Solution 61,Monoufia,Water,0,0,0,0,0,42856313.68421047,0,0,0,744730273.4112189,0,0
Solution 61,Monoufia,Area,0,0,0,0,0,13265.049473684194,0,0,0,239551.10378930965,0,0
Solution 61,Monoufia,Production,0,0,0,0,0,38774.75999999995,0,0,0,348618.24541523703,0,0
Solution 61,Behaira,Water,0,0,1533882585.278724,0,7035000.0,0,0,0,0,0,0,0
Solution 61,Behaira,Area,0,0,513208.94065425935,0,3952.0,0,0,0,0,0,0,0
Solution 61,Behaira,Production,0,0,1722005.8949530586,0,4358.0,0,0,0,0,0,0,0
Solution 61,Ismailia,Water,0,0,240898475.15958214,0,0,0,0,0,10710000.0,0,0,0
Solution 61,Ismailia,Area,0,0,84057.70504200729,0,0,0,0,0,5156.0,0,0,0
Solution 61,Ismailia,Production,0,0,282476.29345290095,0,0,0,0,0,114189.0,0,0,0
Solution 61,Giza,Water,0,195931733.33333334,0,0,0,0,0,0,0,0,0,0
Solution 61,Giza,Area,0,91843.0,0,0,0,0,0,0,0,0,0,0
Solution 61,Giza,Production,0,213250.699047619,0,0,0,0,0,0,0,0,0,0
Solution 61,Beni sweif,Water,0,0,0,1768328660.2103055,0,0,0,880000.0,0,0,0,0
Solution 61,Beni sweif,Area,0,0,0,248153.2453,0,0,0,1132.0,0,0,0,0
Solution 61,Beni sweif,Production,0,0,0,7671913.308893129,0,0,0,1694.0,0,0,0,0
Solution 61,Fayoum,Water,0,532630000.0,467861000.0,2270000.0,8368999.999999999,24000.0,11082000.0,122000.0,36694000.0,67024000.00000001,147054000.0,0
Solution 61,Fayoum,Area,0,95339.12542879926,102501.0,237.0,3115.0,6.0,3086.0,35.0,1072.697,16162.0,39144.0,0
Solution 61,Fayoum,Production,0,0.0,0,0,2389.0,0,0,0,0,21051.0,0,0
Solution 61,Minya,Water,0,528389429.1423324,1784610314.0636382,0,0,0,0,0,0,0,0,0
Solution 61,Minya,Area,0,152202.1317861526,276721.5732558547,0,0,0,0,0,0,0,0,0
Solution 61,Minya,Production,0,373586.2780148103,750608.7543307126,0,0,0,0,0,0,0,0,0
Solution 61,Assuit,Water,0,0,812799000.0,11024000.0,4795981.800327333,7123999.999999999,1959000.0,1680000.0,18503000.0,19037000.0,467359294.20449233,0
Solution 61,Assuit,Area,0,0,145243.31341977406,1081.0,2623.8106710310967,1542.0,901.0,791.0,1090.201040739524,4474.0,137939.87590919482,0
Solution 61,Assuit,Production,0,0,397730.7272300861,0,6570.280000000001,0,0,0,0,0,2853415.92,0
Solution 61,Sohag,Water,0,0,654721000.0,854824087.6933155,43000.0,855000.0,79644886.72897193,90030073.89633082,65789986.17576835,3787000.0,91736999.99999999,0
Solution 61,Sohag,Area,0,0,53405.80612449427,95553.4352553421,12.0,179.0,45028.35738317756,52879.10966802563,49859.291568960434,890.0,22237.0,0
Solution 61,Sohag,Production,0,0,0.0,4243787.811106872,0,0,28750.079999999994,84655.88,796572.8490648376,0,0,0
Solution 61,Qena,Water,0,0,0,0,0,0,0,0,84284644.91256362,0,0,0
Solution 61,Qena,Area,0,0,0,0,0,0,0,0,215551.0,0,0,0
Solution 61,Qena,Production,0,0,0,0,0,0,0,0,10930694.08093534,0,0,0
Solution 61,Aswan,Water,0,0,0,0,5252000.0,0,0,0,0,0,0,0
Solution 61,Aswan,Area,0,0,0,0,32505.705042007296,0,0,0,0,0,0,0
Solution 61,Aswan,Production,0,0,0,0,32307.595999335776,0,0,0,0,0,0,0
Solution 61,Luxor,Water,0,241769139.49275362,0,0,0,0,774000.0,34000.0,0,0,0,0
Solution 61,Luxor,Area,0,91190.0,0,0,0,0,489.0,84.0,0,0,0,0
Solution 61,Luxor,Production,0,205631.7980072464,0,0,0,0,247.0,69.0,0,0,0,0
Solution 80,Cairo,Water,0,0,763152.1739130435,0,0,0,0,0,0,0,0,0
Solution 80,Cairo,Area,0,0,595.0,0,0,0,0,0,0,0,0,0
Solution 80,Cairo,Production,0,0,1172.753623188406,0,0,0,0,0,0,0,0,0
Solution 80,Alexandria,Water,0,0,0,258999.99999999997,0,0,3386000.0,0,0,0,0,0
Solution 80,Alexandria,Area,0,0,0,1665.0,0,0,1708.0,0,0,0,0,0
Solution 80,Alexandria,Production,0,0,0,659.0,0,0,1929.0,0,0,0,0,0
Solution 80,Port said,Water,0,0,180312841.43092796,0,0,0,0,0,0,0,0,0
Solution 80,Port said,Area,0,0,52781.94065425933,0,0,0,0,0,0,0,0,0
Solution 80,Port said,Production,0,0,129117.19932816226,0,0,0,0,0,0,0,0,0
Solution 80,Suez,Water,0,0,38658541.35338346,0,0,0,0,0,0,0,0,0
Solution 80,Suez,Area,0,0,12454.0,0,0,0,0,0,0,0,0,0
Solution 80,Suez,Production,0,0,27157.739348370927,0,0,0,0,0,0,0,0,0
Solution 80,Damietta,Water,895981617.7564334,0,0,0,0,0,0,0,0,0,0,0
Solution 80,Damietta,Area,156350.0,0,0,0,0,0,0,0,0,0,0,0
Solution 80,Damietta,Production,539252.8411143458,0,0,0,0,0,0,0,0,0,0,0
Solution 80,Dakahlia,Water,0,0,611230556.6670499,0,0,0,0,0,0,0,0,0
Solution 80,Dakahlia,Area,0,0,456874.94065425935,0,0,0,0,0,0,0,0,0
Solution 80,Dakahlia,Production,0,0,1780994.1469476947,0,0,0,0,0,0,0,0,0
Solution 80,Sharkia,Water,3261623947.4567018,0,0,0,0,3106000.0,0,0,0,0,0,0
Solution 80,Sharkia,Area,625312.4060827468,0,0,0,0,1136.0,0,0,0,0,0,0
Solution 80,Sharkia,Production,2114740.941924404,0,0,0,0,1334.0,0,0,0,0,0,0
Solution 80,Quliubiya,Water,0,0,543633131.2031225,0,0,0,0,0,0,0,0,0
Solution 80,Quliubiya,Area,0,0,179877.15326299384,0,0,0,0,0,0,0,0,0
Solution 80,Quliubiya,Production,0,0,609864.0941133761,0,0,0,0,0,0,0,0,0
Solution 80,Kafr el sheikh,Water,0,0,1244962809.014048,0,0,0,0,0,0,0,0,0
Solution 80,Kafr el sheikh,Area,0,0,393837.94065425935,0,0,0,0,0,0,0,0,0
Solution 80,Kafr el sheikh,Production,0,0,1392488.091390169,0,0,0,0,0,0,0,0,0
Solution 80,Gharbia,Water,0,0,511099053.0612905,0,0,0,0,0,0,0,0,0
Solution 80,Gharbia,Area,0,0,225875.9060827468,0,0,0,0,0,0,0,0,0
Solution 80,Gharbia,Production,0,0,744061.808272578,0,0,0,0,0,0,0,0,0
Solution 80,Monoufia,Water,0,0,0,0,0,52552444.73684209,0,0,0,735400021.4759845,0,0
Solution 80,Monoufia,Area,0,0,0,0,0,16266.232894736837,0,0,0,236549.920368257,0,0
Solution 80,Monoufia,Production,0,0,0,0,0,47547.44999999998,0,0,0,344250.6291451951,0,0
Solution 80,Behaira,Water,0,0,1533882585.278724,0,7035000.0,0,0,0,0,0,0,0
Solution 80,Behaira,Area,0,0,513208.94065425935,0,3952.0,0,0,0,0,0,0,0
Solution 80,Behaira,Production,0,0,1722005.8949530586,0,4358.0,0,0,0,0,0,0,0
Solution 80,Ismailia,Water,0,0,240898475.15958214,0,0,0,0,0,10710000.0,0,0,0
Solution 80,Ismailia,Area,0,0,84057.70504200729,0,0,0,0,0,5156.0,0,0,0
Solution 80,Ismailia,Production,0,0,282476.29345290095,0,0,0,0,0,114189.0,0,0,0
Solution 80,Giza,Water,0,195931733.33333334,0,0,0,0,0,0,0,0,0,0
Solution 80,Giza,Area,0,91843.0,0,0,0,0,0,0,0,0,0,0
Solution 80,Giza,Production,0,213250.699047619,0,0,0,0,0,0,0,0,0,0
Solution 80,Beni sweif,Water,0,0,0,1776395240.3629773,0,0,0,0,0,0,0,0
Solution 80,Beni sweif,Area,0,0,0,249285.2453,0,0,0,0,0,0,0,0
Solution 80,Beni sweif,Production,0,0,0,7706910.255458015,0,0,0,0,0,0,0,0
Solution 80,Fayoum,Water,0,532630000.0,467861000.0,2270000.0,8368999.999999999,24000.0,11082000.0,122000.0,36694000.0,307391755.87727165,147054000.0,0
Solution 80,Fayoum,Area,0,36601.08881491906,102501.0,237.0,3115.0,6.0,3086.0,35.0,1072.697,74123.68045011435,39144.0,0
Solution 80,Fayoum,Production,0,0.0,0,0,0,0,0,0,0,96546.07085480492,0,0
Solution 80,Minya,Water,0,538175040.117466,1742709852.7872007,0,0,0,0,0,0,0,23384296.041655097,0
Solution 80,Minya,Area,0,155020.86881816105,265497.9730885504,0,0,0,0,0,0,0,8404.863135295858,0
Solution 80,Minya,Production,0,380504.98187350587,720164.6785705008,0,0,0,0,0,0,0,86784.32097803665,0
Solution 80,Assuit,Water,0,0,812799000.0,11024000.0,4876692.471358433,7123999.999999999,1959000.0,1680000.0,18503000.0,19037000.0,568245076.3469921,0
Solution 80,Assuit,Area,0,0,115422.98251154377,1081.0,2667.9662847790532,1542.0,901.0,791.0,1090.201040739524,4474.0,167716.0512036772,0
Solution 80,Assuit,Production,0,0,0.0,0,6680.850000000006,0,0,0,0,0,3469364.0790219633,0
Solution 80,Sohag,Water,0,0,654721000.0,880444527.8161134,43000.0,855000.0,81151611.4291277,92721451.13570184,69858599.13234426,3787000.0,91736999.99999999,0
Solution 80,Sohag,Area,0,0,45025.87058153462,98417.32398020622,12.0,179.0,45880.20539330217,54459.88846825861,52942.71157669839,890.0,22237.0,0
Solution 80,Sohag,Production,0,0,0.0,4370980.894541988,0,0,29293.974999999995,87186.60000000002,845834.8538614806,0,0,0
Solution 80,Qena,Water,0,0,0,0,0,0,0,0,84815258.37826942,0,0,0
Solution 80,Qena,Area,0,0,0,0,0,0,0,0,216908.0,0,0,0
Solution 80,Qena,Production,0,0,0,0,0,0,0,0,10999508.198558684,0,0,0
Solution 80,Aswan,Water,0,0,0,0,5252000.0,0,0,0,0,0,0,0
Solution 80,Aswan,Area,0,0,0,0,32505.705042007296,0,0,0,0,0,0,0
Solution 80,Aswan,Production,0,0,0,0,32307.595999335776,0,0,0,0,0,0,0
Solution 80,Luxor,Water,0,243065609.60144928,0,0,0,0,0,34000.0,0,0,0,0
Solution 80,Luxor,Area,0,91679.0,0,0,0,0,0,84.0,0,0,0,0
Solution 80,Luxor,Production,0,206734.48414855075,0,0,0,0,0,69.0,0,0,0,0
Solution 81,Cairo,Water,0,0,763152.1739130435,0,0,0,0,0,0,0,0,0
Solution 81,Cairo,Area,0,0,595.0,0,0,0,0,0,0,0,0,0
Solution 81,Cairo,Production,0,0,1172.753623188406,0,0,0,0,0,0,0,0,0
Solution 81,Alexandria,Water,0,0,0,258999.99999999997,0,0,3386000.0,0,0,0,0,0
Solution 81,Alexandria,Area,0,0,0,1665.0,0,0,1708.0,0,0,0,0,0
Solution 81,Alexandria,Production,0,0,0,659.0,0,0,1929.0,0,0,0,0,0
Solution 81,Port said,Water,0,0,180312841.43092796,0,0,0,0,0,0,0,0,0
Solution 81,Port said,Area,0,0,52781.94065425933,0,0,0,0,0,0,0,0,0
Solution 81,Port said,Production,0,0,129117.19932816226,0,0,0,0,0,0,0,0,0
Solution 81,Suez,Water,0,0,38658541.35338346,0,0,0,0,0,0,0,0,0
Solution 81,Suez,Area,0,0,12454.0,0,0,0,0,0,0,0,0,0
Solution 81,Suez,Production,0,0,27157.739348370927,0,0,0,0,0,0,0,0,0
Solution 81,Damietta,Water,895981617.7564334,0,0,0,0,0,0,0,0,0,0,0
Solution 81,Damietta,Area,156350.0,0,0,0,0,0,0,0,0,0,0,0
Solution 81,Damietta,Production,539252.8411143458,0,0,0,0,0,0,0,0,0,0,0
Solution 81,Dakahlia,Water,0,0,532823128.18500835,0,0,21594000.0,0,0,0,118269000.0,0,0
Solution 81,Dakahlia,Area,0,0,398267.94065425935,0,0,6749.0,0,0,0,51858.0,0,0
Solution 81,Dakahlia,Production,0,0,1552531.7939442887,0,0,8307.0,0,0,0,78104.0,0,0
Solution 81,Sharkia,Water,3090667231.0218754,0,0,0,0,3106000.0,0,0,0,0,72215000.0,0
Solution 81,Sharkia,Area,592536.9060827468,0,0,0,0,1136.0,0,0,0,0,32773.0,0
Solution 81,Sharkia,Production,2003897.6401318733,0,0,0,0,1334.0,0,0,0,0,667529.0,0
Solution 81,Quliubiya,Water,0,0,543633131.2031225,0,0,0,0,0,0,0,0,0
Solution 81,Quliubiya,Area,0,0,179877.15326299384,0,0,0,0,0,0,0,0,0
Solution 81,Quliubiya,Production,0,0,609864.0941133761,0,0,0,0,0,0,0,0,0
Solution 81,Kafr el sheikh,Water,0,0,1244659343.000929,752000.0,0,0,0,0,0,0,0,0
Solution 81,Kafr el sheikh,Area,0,0,393741.94065425935,96.0,0,0,0,0,0,0,0,0
Solution 81,Kafr el sheikh,Production,0,0,1392148.665339567,3959.0,0,0,0,0,0,0,0,0
Solution 81,Gharbia,Water,0,0,511099053.0612905,0,0,0,0,0,0,0,0,0
Solution 81,Gharbia,Area,0,0,225875.9060827468,0,0,0,0,0,0,0,0,0
Solution 81,Gharbia,Production,0,0,744061.808272578,0,0,0,0,0,0,0,0,0
Solution 81,Monoufia,Water,0,0,0,0,0,43371023.68421048,0,0,0,744234985.7601427,0,0
Solution 81,Monoufia,Area,0,0,0,0,0,13424.364473684196,0,0,0,239391.78878930965,0,0
Solution 81,Monoufia,Production,0,0,0,0,0,39240.44999999995,0,0,0,348386.3946122569,0,0
Solution 81,Behaira,Water,0,0,1533882585.278724,0,7035000.0,0,0,0,0,0,0,0
Solution 81,Behaira,Area,0,0,513208.94065425935,0,3952.0,0,0,0,0,0,0,0
Solution 81,Behaira,Production,0,0,1722005.8949530586,0,4358.0,0,0,0,0,0,0,0
Solution 81,Ismailia,Water,0,0,240898475.15958214,0,0,0,0,0,10710000.0,0,0,0
Solution 81,Ismailia,Area,0,0,84057.70504200729,0,0,0,0,0,5156.0,0,0,0
Solution 81,Ismailia,Production,0,0,282476.29345290095,0,0,0,0,0,114189.0,0,0,0
Solution 81,Giza,Water,0,195931733.33333334,0,0,0,0,0,0,0,0,0,0
Solution 81,Giza,Area,0,91843.0,0,0,0,0,0,0,0,0,0,0
Solution 81,Giza,Production,0,213250.699047619,0,0,0,0,0,0,0,0,0,0
Solution 81,Beni sweif,Water,0,0,0,1768328660.2103055,0,0,0,880000.0,0,0,0,0
Solution 81,Beni sweif,Area,0,0,0,248153.2453,0,0,0,1132.0,0,0,0,0
Solution 81,Beni sweif,Production,0,0,0,7671913.308893129,0,0,0,1694.0,0,0,0,0
Solution 81,Fayoum,Water,0,532630000.0,467861000.0,2270000.0,8368999.999999999,24000.0,11082000.0,122000.0,36694000.0,67024000.00000001,147054000.0,0
Solution 81,Fayoum,Area,0,94871.5190244439,102501.0,237.0,3115.0,6.0,3086.0,35.0,1072.697,16162.0,39144.0,0
Solution 81,Fayoum,Production,0,0.0,0,0,0,0,0,0,0,21051.0,0,0
Solution 81,Minya,Water,0,539734646.9205399,1800037244.3290842,0,0,0,0,0,0,0,0,0
Solution 81,Minya,Area,0,155470.11224939575,273453.59279261157,0,0,0,0,0,0,0,0,0
Solution 81,Minya,Production,0,381607.66801481025,741744.3397647256,0,0,0,0,0,0,0,0,0
Solution 81,Assuit,Water,0,0,812799000.0,11024000.0,4876692.471358433,7123999.999999999,1959000.0,1680000.0,18503000.0,19037000.0,473125251.2285009,0
Solution 81,Assuit,Area,0,0,143497.35063913686,1081.0,2667.9662847790532,1542.0,901.0,791.0,1090.201040739524,4474.0,139641.68307608413,0
Solution 81,Assuit,Production,0,0,392949.6255730858,0,6680.850000000006,0,0,0,0,0,2888619.400000001,0
Solution 81,Sohag,Water,0,0,654721000.0,886696486.098938,43000.0,855000.0,80467359.87149528,90919911.24053581,75542046.48113671,3787000.0,91736999.99999999,0
Solution 81,Sohag,Area,0,0,41464.77167960523,99116.17664427774,12.0,179.0,45493.35414719625,53401.75509609784,57249.94243282295,890.0,22237.0,0
Solution 81,Sohag,Production,0,0,0.0,4402018.841106871,0,0,29046.974999999995,85492.59999999999,914648.9714848261,0,0,0
Solution 81,Qena,Water,0,0,0,0,0,0,0,0,84284644.91256362,0,0,0
Solution 81,Qena,Area,0,0,0,0,0,0,0,0,215551.0,0,0,0
Solution 81,Qena,Production,0,0,0,0,0,0,0,0,10930694.08093534,0,0,0
Solution 81,Aswan,Water,0,0,0,0,5252000.0,0,0,0,0,0,0,0
Solution 81,Aswan,Area,0,0,0,0,32505.705042007296,0,0,0,0,0,0,0
Solution 81,Aswan,Production,0,0,0,0,32307.595999335776,0,0,0,0,0,0,0
Solution 81,Luxor,Water,0,241769139.49275362,0,0,0,0,774000.0,34000.0,0,0,0,0
Solution 81,Luxor,Area,0,91190.0,0,0,0,0,489.0,84.0,0,0,0,0
Solution 81,Luxor,Production,0,205631.7980072464,0,0,0,0,247.0,69.0,0,0,0,0
